name_short,hmdb_primary,concentration_value,concentration_units,pubmed_id,measured_value,normal_range_min,normal_range_max
Glucose,HMDB0000122,4860 (4670-5190),uM,28754454,4860.0,4670.0,5190.0
Glucose,HMDB0000122,5000 +/- 600,uM,8603770,5000.0,,
Glucose,HMDB0000122,5350.0 +/- 120.0,uM,16384844,5350.0,,
Glucose,HMDB0000122,5400.0 (4700.0 - 6100.0),uM,11463495,5400.0,4700.0,6100.0
Glucose,HMDB0000122,<5994.808,uM,7477119,5994.808,,
Glucose,HMDB0000122,5181.0 +/- 394.0,uM,15272912,5181.0,,
Glucose,HMDB0000122,4500 +/- 1000,uM,8603770,4500.0,,
Glucose,HMDB0000122,4894.19(1723.06),uM,26010610,4894.19,,
Glucose,HMDB0000122,4000.0-6000.0,uM,,,4000.0,6000.0
Glucose,HMDB0000122,5300.0 (4900.0 - 5700.0),uM,10218738,5300.0,4900.0,5700.0
Glucose,HMDB0000122,4440.0 +/- 370.0,uM,,4440.0,,
Glucose,HMDB0000122,4570.0 +/- 411.0,uM,,4570.0,,
Glucose,HMDB0000122,4470.0 +/- 346.0,uM,,4470.0,,
Glucose,HMDB0000122,4971.3 +/- 372.8,uM,21359215,4971.3,,
Glucose,HMDB0000122,4440.0 +/- 100.0,uM,16540841,4440.0,,
Glucose,HMDB0000122,4470.0 +/- 110.0,uM,16540841,4470.0,,
Glucose 6-phosphate,HMDB0001401,29.1 +/- 6.8,uM,,29.1,,
"Fructose 1,6-bisphosphate",HMDB0001058,1.2 +/- 0.4,uM,,1.2,,
Dihydroxyacetone phosphate,HMDB0001473,15.6 +/- 4.56,uM,12881455,15.6,,
3-Phosphoglyceric acid,HMDB0000807,47.2 +/- 7.4,uM,,47.2,,
Phosphoenolpyruvic acid,HMDB0000263,17.4 +/- 3.8,uM,,17.4,,
Pyruvic acid,HMDB0000243,34.5 +/- 25.2,uM,21359215,34.5,,
Pyruvic acid,HMDB0000243,64 (22-258),uM,688619,64.0,22.0,258.0
Pyruvic acid,HMDB0000243,63.0 +/- 25.0,uM,,63.0,,
Pyruvic acid,HMDB0000243,22.00-258.0,uM,688619,,22.0,258.0
Pyruvic acid,HMDB0000243,64 (28-145),uM,688619,64.0,28.0,145.0
Pyruvic acid,HMDB0000243,64 (29-144),uM,688619,64.0,29.0,144.0
Pyruvic acid,HMDB0000243,67 (27-164),uM,688619,67.0,27.0,164.0
Pyruvic acid,HMDB0000243,64 (29-144),uM,688619,64.0,29.0,144.0
Lactic acid,HMDB0000190,740.0 +/- 2400.0,uM,,740.0,,
Lactic acid,HMDB0000190,1510.0 (740.0-2400.0),uM,,1510.0,740.0,2400.0
Lactic acid,HMDB0000190,<1800,uM,17562939,1800.0,,
Lactic acid,HMDB0000190,2976.0 +/- 1555.0,uM,2709665,2976.0,,
Lactic acid,HMDB0000190,740.00-2400.0,uM,,,740.0,2400.0
Lactic acid,HMDB0000190,1489.4 +/- 371.2,uM,21359215,1489.4,,
Ribulose 5-phosphate,HMDB0000618,1.58 +/- 1.31,uM,12881455,1.58,,
Ribose 5-phosphate,HMDB0001548,13.2 +/- 4.8,uM,,13.2,,
Gluconic acid,HMDB0000625,<5,uM,21359215,5.0,,
Gluconic acid,HMDB0000625,3.295 +/- 0.534,uM,24713860,3.295,,
Citric acid,HMDB0000094,190.0 (30.0-400.0),uM,8412012,190.0,30.0,400.0
Citric acid,HMDB0000094,88.0 +/- 33.0,uM,,88.0,,
Citric acid,HMDB0000094,122.3(27.85),uM,26010610,122.3,,
Citric acid,HMDB0000094,30.00-400.0,uM,8412012,,30.0,400.0
Citric acid,HMDB0000094,114.2 +/- 27,uM,21359215,114.2,,
2-Oxoglutaric acid,HMDB0000208,7.0 (0.0-23.0),uM,8412012,7.0,0.0,23.0
2-Oxoglutaric acid,HMDB0000208,8.9 +/- 2.7,uM,,8.9,,
Succinic acid,HMDB0000254,16.0 (0.00-32.0),uM,11067816,16.0,0.0,32.0
Succinic acid,HMDB0000254,23.5,uM,21359215,23.5,,
Succinic acid,HMDB0000254,8.8 +/- 2.7,uM,,8.8,,
Succinic acid,HMDB0000254,6.10-11.5,uM,,,6.1,11.5
Fumaric acid,HMDB0000134,1.5 (0.0-4.0),uM,8412012,1.5,0.0,4.0
Malic acid,HMDB0000156,12.0 (0.0-21.0),uM,8412012,12.0,0.0,21.0
Malic acid,HMDB0000156,3.2 +/- 0.9,uM,,3.2,,
Uridine diphosphate glucose,HMDB0000286,155.0 +/- 113.0,uM,7877593,155.0,,
myo-Inositol,HMDB0000211,17.1,uM,21359215,17.1,,
myo-Inositol,HMDB0000211,<55.556,uM,12675874,55.556,,
myo-Inositol,HMDB0000211,24.0 +/- 7.8,uM,,24.0,,
myo-Inositol,HMDB0000211,23.0 +/- 8.0,uM,,23.0,,
myo-Inositol,HMDB0000211,30.0 (21.0-49.0),uM,14988808,30.0,21.0,49.0
Ascorbic acid,HMDB0000044,60.8 +/- 15.9,uM,,60.8,,
Ascorbic acid,HMDB0000044,36.0 +/- 18.0,uM,15640471,36.0,,
Ascorbic acid,HMDB0000044,63.0 (11.0-114.0),uM,,63.0,11.0,114.0
Ascorbic acid,HMDB0000044,8.19,uM,19248870,8.19,,
Ascorbic acid,HMDB0000044,48.829 +/- 23.847,uM,16755268,48.829,,
Ascorbic acid,HMDB0000044,9.06,uM,19248870,9.06,,
Ascorbic acid,HMDB0000044,35.4-80.1,uM,,,35.4,80.1
Ascorbic acid,HMDB0000044,22.2 (14.0-40.0),uM,16522902,22.2,14.0,40.0
Ascorbic acid,HMDB0000044,27.0 (11.1-49.7),uM,,27.0,11.1,49.7
Ascorbic acid,HMDB0000044,50.9 (35.4-80.1),uM,,50.9,35.4,80.1
Palmitic acid,HMDB0000220,122 +/- 48,uM,21359215,122.0,,
Palmitic acid,HMDB0000220,66.010 +/- 9.879,uM,18953024,66.01,,
Palmitic acid,HMDB0000220,1060.743 +/- 35.0981,uM,17069347,1060.743,,
Palmitic acid,HMDB0000220,1064.643 +/- 50.697,uM,17069347,1064.643,,
Palmitic acid,HMDB0000220,1052.943 +/- 54.597,uM,17069347,1052.943,,
Palmitic acid,HMDB0000220,26.7 +/- 4.4,uM,,26.7,,
Palmitic acid,HMDB0000220,1029.544 +/- 62.397,uM,17069347,1029.544,,
Palmitic acid,HMDB0000220,52,uM,2000815,52.0,,
Palmitic acid,HMDB0000220,53,uM,2000815,53.0,,
Palmitic acid,HMDB0000220,74,uM,2000815,74.0,,
Palmitic acid,HMDB0000220,80,uM,2000815,80.0,,
Palmitic acid,HMDB0000220,95,uM,2000815,95.0,,
Palmitic acid,HMDB0000220,114,uM,2000815,114.0,,
Palmitic acid,HMDB0000220,129,uM,2000815,129.0,,
Palmitic acid,HMDB0000220,131,uM,2000815,131.0,,
Palmitic acid,HMDB0000220,147,uM,2000815,147.0,,
Palmitic acid,HMDB0000220,22.3-31.1,uM,,,22.3,31.1
Palmitic acid,HMDB0000220,347,uM,2000815,347.0,,
Palmitic acid,HMDB0000220,22.7-32.9,uM,,,22.7,32.9
Palmitic acid,HMDB0000220,366,uM,2000815,366.0,,
Palmitic acid,HMDB0000220,424,uM,2000815,424.0,,
Palmitic acid,HMDB0000220,1415.468 +/- 323.410,uM,17313719,1415.468,,
Palmitic acid,HMDB0000220,1215.798 +/- 212.0316,uM,9368807,1215.798,,
Palmitic acid,HMDB0000220,2500 +/- 630,uM,14608088,2500.0,,
Palmitic acid,HMDB0000220,2360 +/- 430,uM,14608088,2360.0,,
Palmitic acid,HMDB0000220,63.8 +/- 0.400,uM,20671299,63.8,,
Palmitic acid,HMDB0000220,30.49 +/- 2.64,uM,14634727,30.49,,
Mevalonic acid,HMDB0000227,0.028 +/- 0.006,uM,10947201,0.028,,
Mevalonic acid,HMDB0000227,0.043 +/- 0.013,uM,,0.043,,
Cholesterol,HMDB0000067,>6207.108,uM,23402469,,,
Cholesterol,HMDB0000067,5700.0 (4500.0-6700.0),uM,11463495,5700.0,4500.0,6700.0
Cholesterol,HMDB0000067,3900-6500,uM,2944375,,3900.0,6500.0
Cholesterol,HMDB0000067,4409.633 +/- 788.820,uM,7138621,4409.633,,
Cholesterol,HMDB0000067,3760 +/- 98,uM,20671299,3760.0,,
Cholesterol,HMDB0000067,820 +/- 9,uM,20671299,820.0,,
Cholesterol,HMDB0000067,4750 (4220-5230),uM,28754454,4750.0,4220.0,5230.0
Cholesterol,HMDB0000067,0-5193.280,uM,,,0.0,5193.28
Cholesterol,HMDB0000067,0.0-5200,uM,,,0.0,5200.0
Cholesterol,HMDB0000067,0.0-5200,uM,,,0.0,5200.0
Cholesterol,HMDB0000067,4850 +/- 1020,uM,28278231,4850.0,,
Cholesterol,HMDB0000067,4960 +/- 1170,uM,28278231,4960.0,,
Cholesterol,HMDB0000067,1230 +/- 250,uM,7752915,1230.0,,
Cholesterol,HMDB0000067,430-610,uM,8787802,,430.0,610.0
Cholesterol,HMDB0000067,390-570,uM,8787802,,390.0,570.0
Cholesterol,HMDB0000067,5000.0 (4500.0-5500.0),uM,,5000.0,4500.0,5500.0
Malonic acid,HMDB0000691,15.0+/- 0.58,uM,19403942,15.0,,
Malonic acid,HMDB0000691,4.98 +/- 0.31,uM,16139832,4.98,,
Malonic acid,HMDB0000691,<0.89,uM,21841779,0.89,,
Malonic acid,HMDB0000691,12.3-15.6,uM,,,12.3,15.6
Malonic acid,HMDB0000691,13.5 +/- 1.2,uM,21359215,13.5,,
Carnitine,HMDB0000062,29.74 +/- 7.55,uM,21359215,29.74,,
Carnitine,HMDB0000062,25.4-54.1,uM,15519880,,25.4,54.1
Carnitine,HMDB0000062,38.2 +/- 5.4,uM,,38.2,,
Carnitine,HMDB0000062,43.0 (26.0-79.0),uM,1643708,43.0,26.0,79.0
Carnitine,HMDB0000062,43.57(9.97),uM,26010610,43.57,,
Carnitine,HMDB0000062,39.33(13.25),uM,26010610,39.33,,
Carnitine,HMDB0000062,19.0-65.0,uM,,,19.0,65.0
Carnitine,HMDB0000062,35.3 +/- 7.0,uM,28278231,35.3,,
Carnitine,HMDB0000062,45.7 +/- 11.6,uM,21359215,45.7,,
Cholic acid,HMDB0000619,0.72 +/- 0.24,uM,15185309,0.72,,
Glycine,HMDB0000123,242.0 +/- 44.0,uM,,242.0,,
Glycine,HMDB0000123,258.0 +/- 64.0,uM,,258.0,,
Glycine,HMDB0000123,329.9 +/- 105.6,uM,21359215,329.9,,
Glycine,HMDB0000123,120-320,uM,23430553,,120.0,320.0
Glycine,HMDB0000123,212.4 +/- 57.4,uM,16890503,212.4,,
Glycine,HMDB0000123,150.0-440.0,uM,,,150.0,440.0
Glycine,HMDB0000123,300 +/- 114,uM,,300.0,,
Glycine,HMDB0000123,255.4 +/- 65.9,uM,28278231,255.4,,
Glycine,HMDB0000123,236 +/- 43,uM,,236.0,,
Glycine,HMDB0000123,230.0 (178.0-282.0),uM,12297216,230.0,178.0,282.0
Glycine,HMDB0000123,325.4 +/- 126.8,uM,21359215,325.4,,
Taurocholic acid,HMDB0000036,0.38 +/- 0.20,uM,,0.38,,
Estradiol,HMDB0000151,0.00015 +/- 0.000075,uM,8478958,0.00015,,
Estradiol,HMDB0000151,0.000110 - 0.00130,uM,,,0.00011,0.0013
Estradiol,HMDB0000151,0 - 0.000220,uM,,,0.0,0.00022
Estradiol,HMDB0000151,0.00009 (0.0-0.00018),uM,,9e-05,0.0,0.00018
Estradiol,HMDB0000151,0.00009 (0.0-0.00018),uM,,9e-05,0.0,0.00018
Estradiol,HMDB0000151,0.000099-0.000749,uM,7477119,,9.9e-05,0.000749
Estradiol,HMDB0000151,0.000184-0.00177,uM,26161337,,0.000184,0.00177
Asparagine,HMDB0000168,32.9 +/- 7.6,uM,11865086,32.9,,
Asparagine,HMDB0000168,41.0 (31.0-51.0),uM,12297216,41.0,31.0,51.0
Asparagine,HMDB0000168,61.7(12.09),uM,26010610,61.7,,
Asparagine,HMDB0000168,29.0-90.0,uM,,,29.0,90.0
Asparagine,HMDB0000168,49.0 +/- 7.0,uM,,49.0,,
Asparagine,HMDB0000168,47.0 +/- 9.0,uM,,47.0,,
Asparagine,HMDB0000168,48.4 +/- 9.29,uM,28278231,48.4,,
Asparagine,HMDB0000168,35.0 (16.4-57.2),uM,18004736,35.0,16.4,57.2
Asparagine,HMDB0000168,82.4 +/- 7.3,uM,21359215,82.4,,
Aspartic acid,HMDB0000191,21.0 +/- 5.0,uM,,21.0,,
Aspartic acid,HMDB0000191,20.0 +/- 5.0,uM,,20.0,,
Aspartic acid,HMDB0000191,6.26 +/- 2.34,uM,28278231,6.26,,
Aspartic acid,HMDB0000191,8.00-20.0,uM,,,8.0,20.0
Aspartic acid,HMDB0000191,20.9 +/- 6.1,uM,21359215,20.9,,
Glutamine,HMDB0000641,492.6 +/- 93.6,uM,21359215,492.6,,
Glutamine,HMDB0000641,490.6 +/- 84.3,uM,16890503,490.6,,
Glutamine,HMDB0000641,645.0 +/- 64.0,uM,,645.0,,
Glutamine,HMDB0000641,578 +/- 85,uM,,578.0,,
Glutamine,HMDB0000641,578.0 +/- 85.0,uM,,578.0,,
Glutamine,HMDB0000641,657.9 +/- 106.2,uM,28278231,657.9,,
Glutamine,HMDB0000641,632 +/- 83,uM,2415198,632.0,,
Glutamine,HMDB0000641,586.0 (502.0-670.0),uM,12297216,586.0,502.0,670.0
Glutamine,HMDB0000641,645 +/- 64,uM,,645.0,,
Glutamine,HMDB0000641,390.0-900.0,uM,,,390.0,900.0
Glutamine,HMDB0000641,510.4 +/- 118.2,uM,21359215,510.4,,
Glutamic acid,HMDB0000148,33.5 +/- 3.20 ,uM,25004141,33.5,,
Glutamic acid,HMDB0000148,65.19 +/- 48.71,uM,24713860,65.19,,
Glutamic acid,HMDB0000148,20.00-110.0,uM,,,20.0,110.0
Glutamic acid,HMDB0000148,46.2 +/- 21.4,uM,28278231,46.2,,
Glutamic acid,HMDB0000148,24.0 (9.0-39.0),uM,12297216,24.0,9.0,39.0
Glutamic acid,HMDB0000148,145.0 +/- 6.0,uM,16789974,145.0,,
Glutamic acid,HMDB0000148,97.4 +/- 13.2,uM,21359215,97.4,,
Glutamic acid,HMDB0000148,60.0 +/- 16.0,uM,,60.0,,
Glutamic acid,HMDB0000148,46.0 +/- 13.0,uM,,46.0,,
Glutamic acid,HMDB0000148,33.0 +/- 12.0,uM,,33.0,,
N-Acetylaspartylglutamic acid,HMDB0001067,4.89 +/- 0.12,uM,16139832,4.89,,
gamma-Aminobutyric acid,HMDB0000112,0.110 +/- 0.023,uM,1485027,0.11,,
Phenylalanine,HMDB0000159,78.1 +/- 20.5,uM,21359215,78.1,,
Phenylalanine,HMDB0000159,48 (50-52),uM,822705,48.0,50.0,52.0
Phenylalanine,HMDB0000159,85.2 +/- 23,uM,21359215,85.2,,
Phenylalanine,HMDB0000159,57.0 (48.0-66.0),uM,12297216,57.0,48.0,66.0
Phenylalanine,HMDB0000159,65.0 +/- 9.0,uM,,65.0,,
Phenylalanine,HMDB0000159,56.0 +/- 8.0,uM,,56.0,,
Phenylalanine,HMDB0000159,70(10.98),uM,26010610,70.0,,
Phenylalanine,HMDB0000159,60 +/- 7,uM,2415198,60.0,,
Phenylalanine,HMDB0000159,52 +/- 5,uM,2415198,52.0,,
Phenylalanine,HMDB0000159,40.0-75.0,uM,,,40.0,75.0
Phenylalanine,HMDB0000159,56 +/- 8,uM,,56.0,,
Phenylalanine,HMDB0000159,60.0 +/- 7.75,uM,28278231,60.0,,
Phenylalanine,HMDB0000159,65 +/- 9,uM,,65.0,,
Phenylalanine,HMDB0000159,166.0 +/- 3.0,uM,16789974,166.0,,
Tyrosine,HMDB0000158,54.5 +/- 9.7,uM,21359215,54.5,,
Tyrosine,HMDB0000158,143 +/- 35.3,uM,21359215,143.0,,
Tyrosine,HMDB0000158,59.0 (47.0-71.0),uM,12297216,59.0,47.0,71.0
Tyrosine,HMDB0000158,72.0 +/- 15.0,uM,,72.0,,
Tyrosine,HMDB0000158,61.0 +/- 13.0,uM,,61.0,,
Tyrosine,HMDB0000158,65.1 +/- 2.55 ,uM,25004141,65.1,,
Tyrosine,HMDB0000158,35.0-80.0,uM,,,35.0,80.0
Tyrosine,HMDB0000158,61 +/- 13,uM,,61.0,,
Tyrosine,HMDB0000158,72 +/- 15,uM,,72.0,,
Tyrosine,HMDB0000158,62.9 +/- 12.2,uM,28278231,62.9,,
Tyrosine,HMDB0000158,142.0 +/- 4.0,uM,16789974,142.0,,
L-Dopa,HMDB0000181,0.00723 +/- 0.00097,uM,,0.00723,,
Dopamine,HMDB0000073,< 0.00013,uM,,0.00013,,
Dopamine,HMDB0000073,0.00000-0.00013,uM,,,0.0,0.00013
Epinephrine,HMDB0000068,0.00164 +/- 0.00012,uM,12121816,0.00164,,
Epinephrine,HMDB0000068,0.00029 +/- 0.000021,uM,7704967,0.00029,,
Epinephrine,HMDB0000068,0.00072 (0.00049-0.0013),uM,,0.00072,0.00049,0.0013
Epinephrine,HMDB0000068,0.0003 +/- 0.00003,uM,7704967,0.0003,,
Acetoacetic acid,HMDB0000060,21.0 (0.0-86.0),uM,8412012,21.0,0.0,86.0
Acetoacetic acid,HMDB0000060,37.75(25.96),uM,26010610,37.75,,
Acetoacetic acid,HMDB0000060,0.0-86.0,uM,9732980,,0.0,86.0
Acetoacetic acid,HMDB0000060,40.6 +/- 36.5,uM,21359215,40.6,,
Histidine,HMDB0000177,89.0 +/- 11.0,uM,,89.0,,
Histidine,HMDB0000177,83.0 +/- 14.0,uM,,83.0,,
Histidine,HMDB0000177,143.1 +/- 27.3,uM,21359215,143.1,,
Histidine,HMDB0000177,90 +/- 9 ,uM,2415198,90.0,,
Histidine,HMDB0000177,86 +/- 9,uM,2415198,86.0,,
Histidine,HMDB0000177,73.51(11.42),uM,26010610,73.51,,
Histidine,HMDB0000177,128.904-354.485,uM,1146783,,128.904,354.485
Histidine,HMDB0000177,225.581-386.711,uM,1146783,,225.581,386.711
Histidine,HMDB0000177,83 +/- 14,uM,,83.0,,
Histidine,HMDB0000177,40.00-120.0,uM,,,40.0,120.0
Histidine,HMDB0000177,103.13-141.80,uM,1146783,,103.13,141.8
Histidine,HMDB0000177,89.3 +/- 10.8,uM,28278231,89.3,,
Histidine,HMDB0000177,77.342-238.472,uM,1146783,,77.342,238.472
Histidine,HMDB0000177,96.678-225.581,uM,1146783,,96.678,225.581
Histidine,HMDB0000177,89 +/- 11,uM,,89.0,,
Histidine,HMDB0000177,82.0 (72.0-92.0),uM,12297216,82.0,72.0,92.0
Histidine,HMDB0000177,131.2 +/- 37.3,uM,21359215,131.2,,
Carnosine,HMDB0000033,0.00-0.10,uM,,,0.0,0.1
Carnosine,HMDB0000033,6.54 +/- 1.0,uM,17031479,6.54,,
Urocanic acid,HMDB0000301,0.43 +/- 0.33,uM,8825190,0.43,,
Histamine,HMDB0000870,0.00067 (0.00031-0.00220),uM,2013627,0.00067,0.00031,0.0022
Histamine,HMDB0000870,0.0-0.30,uM,,,0.0,0.3
Arginine,HMDB0000517,129.5 +/- 30,uM,21359215,129.5,,
Arginine,HMDB0000517,101 (72.5-112),uM,27506743,101.0,72.5,112.0
Arginine,HMDB0000517,99.00 +/- 22.8,uM,7296840,99.0,,
Arginine,HMDB0000517,23-86,uM,,,23.0,86.0
Arginine,HMDB0000517,80 (60.0 - 100),uM,12297216,80.0,60.0,100.0
Arginine,HMDB0000517,89.0 +/- 26.0,uM,,89.0,,
Arginine,HMDB0000517,75.0 +/- 24.0,uM,,75.0,,
Arginine,HMDB0000517,81.4 +/- 19.3,uM,28278231,81.4,,
Arginine,HMDB0000517,110.11(21.24),uM,26010610,110.11,,
Arginine,HMDB0000517,75 +/- 24,uM,,75.0,,
Arginine,HMDB0000517,111.6 (82.2-140.9),uM,18818040,111.6,82.2,140.9
Arginine,HMDB0000517,89 +/- 26,uM,,89.0,,
Arginine,HMDB0000517,40.00-130.0,uM,,,40.0,130.0
Arginine,HMDB0000517,113.6 +/- 14.6,uM,21359215,113.6,,
Arginine,HMDB0000517,218.0 +/- 6.0,uM,16789974,218.0,,
Arginine,HMDB0000517,63.45 (40.0 - 86.9),uM,16217682,63.45,40.0,86.9
Citrulline,HMDB0000904,38.0 (30.0-46.0),uM,12297216,38.0,30.0,46.0
Citrulline,HMDB0000904,<43,uM,18620775,43.0,,
Citrulline,HMDB0000904,29.8 +/- 7.91,uM,28278231,29.8,,
Citrulline,HMDB0000904,35 +/- 10,uM,,35.0,,
Citrulline,HMDB0000904,37.0 +/- 9.0,uM,,37.0,,
Citrulline,HMDB0000904,35.0 +/- 10.0,uM,,35.0,,
Citrulline,HMDB0000904,37 +/- 9,uM,,37.0,,
Citrulline,HMDB0000904,38.0 (30.0-46.0),uM,14680976,38.0,30.0,46.0
Citrulline,HMDB0000904,15.0-45.0,uM,,,15.0,45.0
Ornithine,HMDB0000214,55.0 (39.0-71.0),uM,12297216,55.0,39.0,71.0
Ornithine,HMDB0000214,93.8 +/- 41.3,uM,21359215,93.8,,
Ornithine,HMDB0000214,27-86,uM,,,27.0,86.0
Ornithine,HMDB0000214,65.0 +/- 18.0,uM,,65.0,,
Ornithine,HMDB0000214,54.0 +/- 18.0,uM,,54.0,,
Ornithine,HMDB0000214,109.0 +/- 32.0,uM,16635166,109.0,,
Ornithine,HMDB0000214,30-64,uM,4122112,,30.0,64.0
Ornithine,HMDB0000214,54 +/- 18,uM,,54.0,,
Ornithine,HMDB0000214,30.00-110.0,uM,,,30.0,110.0
Ornithine,HMDB0000214,69.0 +/- 18.0,uM,28278231,69.0,,
Ornithine,HMDB0000214,65 +/- 18,uM,,65.0,,
Ornithine,HMDB0000214,74.3 (52.7-81.3),uM,27506743,74.3,52.7,81.3
Ornithine,HMDB0000214,66.9 +/- 15.3,uM,21359215,66.9,,
Proline,HMDB0000162,198.3 +/- 64.8,uM,21359215,198.3,,
Proline,HMDB0000162,168.0 (108.0-228.0),uM,12297216,168.0,108.0,228.0
Proline,HMDB0000162,177.5 +/- 38.6,uM,21359215,177.5,,
Proline,HMDB0000162,239.0 +/- 70.0,uM,,239.0,,
Proline,HMDB0000162,168.0 +/- 49.0,uM,,168.0,,
Proline,HMDB0000162,105.0-360.0,uM,,,105.0,360.0
Proline,HMDB0000162,188.3 +/- 55.0,uM,28278231,188.3,,
4-Hydroxyproline,HMDB0000725,11.8 (9.9-13.7),uM,,11.8,9.9,13.7
4-Hydroxyproline,HMDB0000725,20.0 +/- 11.0,uM,,20.0,,
4-Hydroxyproline,HMDB0000725,16.0 +/- 9.0,uM,,16.0,,
4-Hydroxyproline,HMDB0000725,13.0 (3.0-23.0),uM,12297216,13.0,3.0,23.0
4-Hydroxyproline,HMDB0000725,4.00-30.0,uM,,,4.0,30.0
Putrescine,HMDB0001414,0.060-0.420,uM,6588257,,0.06,0.42
Putrescine,HMDB0001414,0.214 +/- 0.08,uM,,0.214,,
Putrescine,HMDB0001414,0.05 +/- 0.03,uM,22626821,0.05,,
Putrescine,HMDB0001414,0.240 +/- 0.0898,uM,12675874,0.24,,
Spermidine,HMDB0001257,10.3 +/- 3.78,uM,,10.3,,
Spermidine,HMDB0001257,8.47 +/- 2.02,uM,,8.47,,
Spermidine,HMDB0001257,0.07 +/- 0.04,uM,22626821,0.07,,
Spermidine,HMDB0001257,0.13-0.40,uM,,,0.13,0.4
Spermine,HMDB0001256,9.97 +/- 3.26,uM,,9.97,,
Spermine,HMDB0001256,0.03 +/- 0.04,uM,22626821,0.03,,
Spermine,HMDB0001256,0.15-0.50,uM,6588257,,0.15,0.5
Creatine,HMDB0000064,54.8 +/-  21.0,uM,7752905,54.8,,
Creatine,HMDB0000064,87 +/- 19,uM,15024124,87.0,,
Creatine,HMDB0000064,30.1 +/- 12.3,uM,7752905,30.1,,
Creatine,HMDB0000064,32.22 +/- 16.42,uM,24713860,32.22,,
Creatine,HMDB0000064,74.0458 +/- 25.191,uM,12675874,74.0458,,
Creatine,HMDB0000064,50.77(21.53),uM,26010610,50.77,,
Creatine,HMDB0000064,33.8-75.8,uM,7752905,,33.8,75.8
Creatine,HMDB0000064,36.7 +/- 28.3,uM,21359215,36.7,,
Creatinine,HMDB0000562,82.6 +/- 26.2,uM,7296840,82.6,,
Creatinine,HMDB0000562,35-122,uM,15651030,,35.0,122.0
Creatinine,HMDB0000562,74.12 +/- 10.91,uM,16139832,74.12,,
Creatinine,HMDB0000562,72.0 (57.0 - 93.0),uM,,72.0,57.0,93.0
Creatinine,HMDB0000562,60.0 (50.0 - 80.0),uM,,60.0,50.0,80.0
Creatinine,HMDB0000562,25-100,uM,10102904,,25.0,100.0
Creatinine,HMDB0000562,79.563 +/- 17.681,uM,12847698,79.563,,
Creatinine,HMDB0000562,<106.195,uM,12675874,106.195,,
Creatinine,HMDB0000562,60 (50-80),uM,,60.0,50.0,80.0
Creatinine,HMDB0000562,108.59(21.94),uM,26010610,108.59,,
Creatinine,HMDB0000562,83.3 +/- 10.3,uM,28278231,83.3,,
Creatinine,HMDB0000562,66.7 +/- 9.3,uM,28278231,66.7,,
Creatinine,HMDB0000562,74.1 +/- 13.6,uM,28278231,74.1,,
Creatinine,HMDB0000562,72 (57-93),uM,,72.0,57.0,93.0
Creatinine,HMDB0000562,40.0-95.0,uM,,,40.0,95.0
Creatinine,HMDB0000562,60.00-115.0,uM,,,60.0,115.0
Creatinine,HMDB0000562,86.6 +/- 18.8,uM,21359215,86.6,,
Folic acid,HMDB0000121,0.021 (0.017-0.025),uM,16277678,0.021,0.017,0.025
Folic acid,HMDB0000121,0.009 (0.0024 - 0.024),uM,,0.009,0.0024,0.024
Folic acid,HMDB0000121,0.00400-0.0150,uM,10102904,,0.004,0.015
Folic acid,HMDB0000121,0.016 +/- 0.0049,uM,16871332,0.016,,
Folic acid,HMDB0000121,0.02 (0.011- 0.036),uM,,0.02,0.011,0.036
Folic acid,HMDB0000121,0.009 (0.0026-0.026),uM,,0.009,0.0026,0.026
Tetrahydrofolic acid,HMDB0001846,0.0025 +/- 0.0044,uM,17272488,0.0025,,
Methionine,HMDB0000696,25.0 (21.0-29.0),uM,12297216,25.0,21.0,29.0
Methionine,HMDB0000696,33.4 +/- 9,uM,21359215,33.4,,
Methionine,HMDB0000696,13-45,uM,15024124,,13.0,45.0
Methionine,HMDB0000696,32.0 +/- 6.0,uM,,32.0,,
Methionine,HMDB0000696,27.0 +/- 5.0,uM,,27.0,,
Methionine,HMDB0000696,6-27,uM,8456826,,6.0,27.0
Methionine,HMDB0000696,25 +/- 6,uM,2415198,25.0,,
Methionine,HMDB0000696,22 +/- 4,uM,2415198,22.0,,
Methionine,HMDB0000696,27 +/- 5,uM,,27.0,,
Methionine,HMDB0000696,25.4 +/- 5.05,uM,28278231,25.4,,
Methionine,HMDB0000696,32 +/- 6,uM,,32.0,,
Methionine,HMDB0000696,10.0-45.0,uM,,,10.0,45.0
Methionine,HMDB0000696,29.8 +/- 6.3,uM,21359215,29.8,,
Cystine,HMDB0000192,118.0 +/- 17.0,uM,,118.0,,
Cystine,HMDB0000192,109.0 +/- 24.0,uM,,109.0,,
Cystine,HMDB0000192,62.9 +/- 27.8,uM,21359215,62.9,,
Cystine,HMDB0000192,109.0 +/- 18.0,uM,,109.0,,
Cystine,HMDB0000192,107.0 +/- 23.0,uM,,107.0,,
Oxidized glutathione,HMDB0003337,19.96 +/- 24.82,uM,23823132,19.96,,
Oxidized glutathione,HMDB0003337,1.69 +/- 0.38,uM,16139832,1.69,,
Glutathione,HMDB0000125,1.0738-1.725,uM,238530,,1.0738,1.725
Glutathione,HMDB0000125,800.50 +/- 201.73,uM,23823132,800.5,,
Glutathione,HMDB0000125,3.67 +/- 0.241,uM,25004141,3.67,,
Glutathione,HMDB0000125,12.8 +/- 4.6,uM,9554495,12.8,,
Glutathione,HMDB0000125,37.03 +/- 4.76,uM,16139832,37.03,,
Taurine,HMDB0000251,55.0 (42.0-69.0),uM,12297216,55.0,42.0,69.0
Taurine,HMDB0000251,61 +/- 17,uM,2415198,61.0,,
Taurine,HMDB0000251,42 +/- 12,uM,2415198,42.0,,
Taurine,HMDB0000251,162.0 +/- 60.0,uM,,162.0,,
Taurine,HMDB0000251,141.0 +/- 57.0,uM,,141.0,,
Taurine,HMDB0000251,140 +/- 40,uM,20416131,140.0,,
Taurine,HMDB0000251,70.00-170.0,uM,,,70.0,170.0
Taurine,HMDB0000251,93.0 +/- 35.7,uM,28278231,93.0,,
Taurine,HMDB0000251,91.0 +/- 3.0,uM,16789974,91.0,,
Taurine,HMDB0000251,61.0 +/- 17.0,uM,6198473,61.0,,
Taurine,HMDB0000251,42.0 +/- 12.0,uM,6198473,42.0,,
Homocysteine,HMDB0000742,9.4 (7.3-16.2),uM,17384003,9.4,7.3,16.2
Homocysteine,HMDB0000742,9.8 (7.6-14.9),uM,11380830,9.8,7.6,14.9
Homocysteine,HMDB0000742,9.00 +/- 2.00,uM,9554495,9.0,,
Homocysteine,HMDB0000742,<20,uM,8456826,20.0,,
Homocysteine,HMDB0000742,9.99 +/- 1.04,uM,22626821,9.99,,
Homocysteine,HMDB0000742,8-18,uM,10102904,,8.0,18.0
Homocysteine,HMDB0000742,<12.593,uM,12675874,12.593,,
Homocysteine,HMDB0000742,10.900 +/- 2.800,uM,17521468,10.9,,
Homocysteine,HMDB0000742,11.600 +/- 3,uM,17521468,11.6,,
Homocysteine,HMDB0000742,12.600 +/- 3.100,uM,17521468,12.6,,
Homocysteine,HMDB0000742,13.300 +/- 2.900,uM,17521468,13.3,,
Homocysteine,HMDB0000742,5.600 +/- 1.200,uM,12891147,5.6,,
Homocysteine,HMDB0000742,9.11 +/- 2.99,uM,15711082,9.11,,
Cysteine,HMDB0000574,0.36 +/- 0.02,uM,22626821,0.36,,
Cysteine,HMDB0000574,212.00 +/- 23.00,uM,9554495,212.0,,
Cysteine,HMDB0000574,197.0-283.0,uM,1632485,,197.0,283.0
Cysteine,HMDB0000574,52.0 (41.0-63.0),uM,12297216,52.0,41.0,63.0
Cysteine,HMDB0000574,231.07-307.90,uM,1632485,,231.07,307.9
Cysteine,HMDB0000574,33.5 +/- 10.3,uM,21359215,33.5,,
Valine,HMDB0000883,212.3 +/- 61.3,uM,21359215,212.3,,
Valine,HMDB0000883,266.3 +/- 61,uM,21359215,266.3,,
Valine,HMDB0000883,233.0 (190.0-276.0),uM,12297216,233.0,190.0,276.0
Valine,HMDB0000883,252.0 +/- 37.0,uM,,252.0,,
Valine,HMDB0000883,209.0 +/- 31.0,uM,,209.0,,
Valine,HMDB0000883,119-336,uM,22956686,,119.0,336.0
Valine,HMDB0000883,257 +/- 39,uM,2415198,257.0,,
Valine,HMDB0000883,210 +/- 19,uM,2415198,210.0,,
Valine,HMDB0000883,209 +/- 31,uM,,209.0,,
Valine,HMDB0000883,243.6 +/- 45.2,uM,28278231,243.6,,
Valine,HMDB0000883,252 +/- 37,uM,,252.0,,
Valine,HMDB0000883,140.0-300.0,uM,,,140.0,300.0
Pantothenic acid,HMDB0000210,2.86 +/- 0.94,uM,,2.86,,
Pantothenic acid,HMDB0000210,4.91 +/- 0.38,uM,,4.91,,
Pantothenic acid,HMDB0000210,0.30-1.80,uM,,,0.3,1.8
Serine,HMDB0000187,159.8 +/- 26.6,uM,21359215,159.8,,
Serine,HMDB0000187,173.2 +/- 51.3,uM,21359215,173.2,,
Serine,HMDB0000187,114.0 (95.0-133.0),uM,12297216,114.0,95.0,133.0
Serine,HMDB0000187,114.0 +/- 23.0,uM,,114.0,,
Serine,HMDB0000187,127.0 +/- 29.0,uM,,127.0,,
Serine,HMDB0000187,137.0 +/- 35.0,uM,,137.0,,
Serine,HMDB0000187,142.0 +/- 35.0,uM,,142.0,,
Serine,HMDB0000187,70.3 +/- 19.6,uM,16890503,70.3,,
Serine,HMDB0000187,60.00-180.0,uM,,,60.0,180.0
Serine,HMDB0000187,115.1 +/- 25.0,uM,28278231,115.1,,
Serine,HMDB0000187,50-200,uM,23430553,,50.0,200.0
Serine,HMDB0000187,236.0 +/- 6.0,uM,16789974,236.0,,
Tryptophan,HMDB0000929,54.5 +/- 9.7,uM,21359215,54.5,,
Tryptophan,HMDB0000929,78.4 +/- 15.5,uM,21359215,78.4,,
Tryptophan,HMDB0000929,44.0 (37.0-51.0),uM,12297216,44.0,37.0,51.0
Tryptophan,HMDB0000929,81.3 +/- 3.36,uM,25004141,81.3,,
Tryptophan,HMDB0000929,48.7 +/- 11.6,uM,,48.7,,
Tryptophan,HMDB0000929,45.0 +/- 9.0,uM,,45.0,,
Tryptophan,HMDB0000929,69.71 +/- 0.99,uM,19390223,69.71,,
Tryptophan,HMDB0000929,63.0 +/- 10.7,uM,28278231,63.0,,
Tryptophan,HMDB0000929,40.0-95.0,uM,,,40.0,95.0
Kynurenine,HMDB0000684,1.6 +/- 0.1,uM,9784247,1.6,,
Kynurenine,HMDB0000684,1.4 (0.7-3.0),uM,8634758,1.4,0.7,3.0
Kynurenine,HMDB0000684,2.4 +/- 0.5,uM,,2.4,,
Kynurenine,HMDB0000684,1.74 +/- 0.121,uM,25004141,1.74,,
Kynurenine,HMDB0000684,2.21 +/- 0.57,uM,28278231,2.21,,
Kynurenine,HMDB0000684,1.1-3.2,uM,,,1.1,3.2
Kynurenic acid,HMDB0000715,0.023 +/- 0.010,uM,8634758,0.023,,
Kynurenic acid,HMDB0000715,0.03 +/- 0.007,uM,22626821,0.03,,
Kynurenic acid,HMDB0000715,<5.291,uM,12675874,5.291,,
3-Hydroxyanthranilic acid,HMDB0001476,0.079 (0.015-0.209),uM,8634758,0.079,0.015,0.209
Quinolinic acid,HMDB0000232,0.599 +/- 0.299,uM,12675874,0.599,,
Quinolinic acid,HMDB0000232,0.47 +/- 0.047,uM,15206793,0.47,,
Nicotinamide adenine dinucleotide (NAD),HMDB0000902,24.3 (23.0-25.6),uM,17709435,24.3,23.0,25.6
"Nicotinamide adenine dinucleotide, reduced (NADH)",HMDB0001487,22.0 (14.0-40.0),uM,,22.0,14.0,40.0
Niacinamide,HMDB0001406,0.03 +/- 0.01,uM,22626821,0.03,,
Niacinamide,HMDB0001406,0.44 +/- 0.0054,uM,1491034,0.44,,
Nicotinic acid,HMDB0001488,49.1 +/- 5.93,uM,,49.1,,
Nicotinic acid,HMDB0001488,53.2 +/- 5.00,uM,,53.2,,
Serotonin,HMDB0000259,0.85 +/- 0.077,uM,25004141,0.85,,
Serotonin,HMDB0000259,0.74 +/- 0.28,uM,,0.74,,
Serotonin,HMDB0000259,0.97 +/- 0.28,uM,,0.97,,
Serotonin,HMDB0000259,0.30-2.00,uM,,,0.3,2.0
Serotonin,HMDB0000259,0.41 +/- 0.33,uM,28278231,0.41,,
5-Hydroxyindoleacetic acid,HMDB0000763,0.0516 +/- 0.0068,uM,2480613,0.0516,,
Melatonin,HMDB0001389,0.00006 +/- 0.000015,uM,,6e-05,,
Melatonin,HMDB0001389,0.000063 +/- 0.000026,uM,,6.3e-05,,
Melatonin,HMDB0001389,0.000210 +/- 5.635e-05,uM,12675874,0.00021,,
Hypoxanthine,HMDB0000157,2.300 +/- 1.100,uM,12847698,2.3,,
Hypoxanthine,HMDB0000157,11.02 +/- 3.67,uM,22626821,11.02,,
Hypoxanthine,HMDB0000157,2.2 +/- 1.1,uM,11307586,2.2,,
Hypoxanthine,HMDB0000157,11.0294 +/- 3.676,uM,12675874,11.0294,,
Hypoxanthine,HMDB0000157,5.6 (3.1-7.1),uM,,5.6,3.1,7.1
Hypoxanthine,HMDB0000157,1.0 +/-0.9,uM,,1.0,,
Hypoxanthine,HMDB0000157,4.87 +/- 0.36,uM,16139832,4.87,,
Hypoxanthine,HMDB0000157,1.0 +/- 0.9,uM,,1.0,,
Hypoxanthine,HMDB0000157,5.6 (3.1-7.1),uM,,5.6,3.1,7.1
Hypoxanthine,HMDB0000157,0.38 +/- 0.18,uM,16324927,0.38,,
Hypoxanthine,HMDB0000157,34.2 +/- 10.3,uM,21359215,34.2,,
Adenosine monophosphate,HMDB0000045,5.1+/- 1.3,uM,13654353,5.1,,
Adenosine monophosphate,HMDB0000045,51.0 (10.0-92.0),uM,,51.0,10.0,92.0
Adenosine monophosphate,HMDB0000045,14.0 +/- 3.0,uM,,14.0,,
Adenosine monophosphate,HMDB0000045,6.2 +/- 3.1,uM,13654353,6.2,,
Adenine,HMDB0000034,0.3 +/-  0.1,uM,6656991,0.3,,
Adenine,HMDB0000034,0.64 +/- 0.15,uM,,0.64,,
Xanthine,HMDB0000292,<1.00,uM,15965771,1.0,,
Xanthine,HMDB0000292,0.7 +/- 0.2,uM,11307586,0.7,,
Xanthine,HMDB0000292,0.700 +/- 0.200,uM,12847698,0.7,,
Xanthine,HMDB0000292,1.27 +/- 0.78,uM,16139832,1.27,,
Xanthine,HMDB0000292,3.289 +/- 9.211,uM,12675874,3.289,,
Xanthine,HMDB0000292,4.5(2.7-8.0),uM,,4.5,2.7,8.0
Xanthine,HMDB0000292,4.9 +/- 1.5,uM,,4.9,,
Xanthine,HMDB0000292,0.91 +/- 0.45,uM,16324927,0.91,,
Xanthine,HMDB0000292,200,uM,,200.0,,
Adenosine diphosphate,HMDB0001341,160.0 +/- 14.0,uM,,160.0,,
Adenosine triphosphate,HMDB0000538,1552.0 +/- 161.0,uM,,1552.0,,
Adenosine triphosphate,HMDB0000538,1390.0 +/- 170.0,uM,,1390.0,,
Adenosine triphosphate,HMDB0000538,3152.0 +/- 1698.0,uM,7877593,3152.0,,
Cyclic adenosine monophosphate,HMDB0000058,0.0085 +/- 0.0005,uM,15196297,0.0085,,
Orotic acid,HMDB0000226,0.89 +/- 0.63,uM,16139832,0.89,,
Orotic acid,HMDB0000226,2.874 +/- 8.0460,uM,12675874,2.874,,
Orotic acid,HMDB0000226,5.0 +/- 0.4,uM,7877593,5.0,,
Uridine,HMDB0000296,3.10 (2.90-3.30),uM,6656991,3.1,2.9,3.3
Uridine,HMDB0000296,21.1 +/- 8.4,uM,,21.1,,
Uridine,HMDB0000296,6.148 +/- 5.328,uM,12675874,6.148,,
Uridine,HMDB0000296,3.12 +/- 1.31,uM,16139832,3.12,,
Uracil,HMDB0000300,0.17 (0.097-0.26),uM,11936689,0.17,0.097,0.26
Uracil,HMDB0000300,2.10 +/- 1.02,uM,16139832,2.1,,
Cytidine,HMDB0000089,0.25 +/- 0.19,uM,16139832,0.25,,
Cytidine,HMDB0000089,0.1,uM,6656991,0.1,,
Cytosine,HMDB0000630,6.4 +/- 8.5,uM,7877593,6.4,,
Uridine diphosphate,HMDB0000295,41.0 +/- 12.0,uM,,41.0,,
Choline,HMDB0000097,6.0 +/- 0.3,uM,10082779,6.0,,
Choline,HMDB0000097,10.6 +/- 1.9,uM,,10.6,,
Choline,HMDB0000097,6.8 +/- 0.3,uM,10082779,6.8,,
Choline,HMDB0000097,8.70-19.8,uM,21359215,,8.7,19.8
Choline,HMDB0000097,14.5 +/- 5.3,uM,21359215,14.5,,
Thiamine,HMDB0000235,0.096 +/- 0.018,uM,11684545,0.096,,
Thiamine,HMDB0000235,0.12 (0.094-0.280),uM,,0.12,0.094,0.28
Thiamine,HMDB0000235,0.050-0.120,uM,,,0.05,0.12
Riboflavin,HMDB0000244,0.015 (0.0054-0.028),uM,12194936,0.015,0.0054,0.028
Riboflavin,HMDB0000244,0.530 (0.265-1.30),uM,,0.53,0.265,1.3
Riboflavin,HMDB0000244,0.10-0.50,uM,,,0.1,0.5
Pyridoxine,HMDB0000239,0.025 (0.007-0.060),uM,16690736,0.025,0.007,0.06
Biotin,HMDB0000030,0.0024 (0.0008 - 0.0041),uM,,0.0024,0.0008,0.0041
Biotin,HMDB0000030,0.11-0.13,uM,,,0.11,0.13
Biotin,HMDB0000030,0.00127 +/- 0.00067,uM,1814646,0.00127,,
Cholecalciferol,HMDB0000876,0.0060 +/- 0.0042,uM,227368,0.006,,
Cholecalciferol,HMDB0000876,0.0681 +/- 0.01880,uM,227368,0.0681,,
Cholecalciferol,HMDB0000876,0.049-0.078,uM,227368,,0.049,0.078
alpha-tocopherol,HMDB0001893,24.6 +/- 5.8,uM,,24.6,,
alpha-tocopherol,HMDB0001893,24.1 +/- 6.3,uM,,24.1,,
alpha-tocopherol,HMDB0001893,7.4,uM,19248870,7.4,,
alpha-tocopherol,HMDB0001893,31.530 +/- 12.910,uM,15051849,31.53,,
alpha-tocopherol,HMDB0001893,33.830 +/- 13.840,uM,15051849,33.83,,
alpha-tocopherol,HMDB0001893,37.920 +/- 16.490,uM,15051849,37.92,,
alpha-tocopherol,HMDB0001893,42.350 +/- 19.690,uM,15051849,42.35,,
alpha-tocopherol,HMDB0001893,34.950 +/- 14.260,uM,15051849,34.95,,
alpha-tocopherol,HMDB0001893,36.320 +/- 16.900,uM,15051849,36.32,,
alpha-tocopherol,HMDB0001893,37.270 +/- 16.740,uM,15051849,37.27,,
alpha-tocopherol,HMDB0001893,39.220 +/- 18.780,uM,15051849,39.22,,
alpha-tocopherol,HMDB0001893,25.307 +/- 5.804,uM,1878353,25.307,,
alpha-tocopherol,HMDB0001893,21.855 +/- 4.864,uM,9126539,21.855,,
alpha-tocopherol,HMDB0001893,28,uM,17116719,28.0,,
alpha-tocopherol,HMDB0001893,25.1,uM,17116719,25.1,,
alpha-tocopherol,HMDB0001893,23.812 +/- 4.794,uM,9126539,23.812,,
alpha-tocopherol,HMDB0001893,22.986 +/- 6.733,uM,1878353,22.986,,
alpha-tocopherol,HMDB0001893,29.719 +/- 12.538,uM,16755268,29.719,,
alpha-tocopherol,HMDB0001893,9.7,uM,19248870,9.7,,
alpha-tocopherol,HMDB0001893,18.574 +/- 4.644,uM,8000300,18.574,,
alpha-tocopherol,HMDB0001893,22.296 +/- 4.883,uM,9126539,22.296,,
alpha-tocopherol,HMDB0001893,23.914 +/- 6.269,uM,6624705,23.914,,
alpha-tocopherol,HMDB0001893,26.700 +/- 5.804,uM,7547847,26.7,,
alpha-tocopherol,HMDB0001893,30.540 +/- 5.260,uM,17378949,30.54,,
alpha-tocopherol,HMDB0001893,30.650 +/- 4.820,uM,17378949,30.65,,
alpha-tocopherol,HMDB0001893,31.0500 +/- 6.940,uM,17378949,31.05,,
alpha-tocopherol,HMDB0001893,31.0900 +/- 8.0600,uM,17378949,31.09,,
alpha-tocopherol,HMDB0001893,31.490 +/- 7.0700,uM,17378949,31.49,,
alpha-tocopherol,HMDB0001893,31.790 +/- 5.760,uM,17378949,31.79,,
alpha-tocopherol,HMDB0001893,31.800 +/- 8.470,uM,17378949,31.8,,
alpha-tocopherol,HMDB0001893,32.0800 +/- 6.550,uM,17378949,32.08,,
alpha-tocopherol,HMDB0001893,32.940 +/- 10.0700,uM,17378949,32.94,,
alpha-tocopherol,HMDB0001893,33.410 +/- 10.250,uM,17378949,33.41,,
alpha-tocopherol,HMDB0001893,33.680 +/- 10.230,uM,17378949,33.68,,
alpha-tocopherol,HMDB0001893,33.790 +/- 8.490,uM,17378949,33.79,,
alpha-tocopherol,HMDB0001893,33.920 +/- 11.740,uM,17378949,33.92,,
alpha-tocopherol,HMDB0001893,34.310 +/- 12.270,uM,17378949,34.31,,
alpha-tocopherol,HMDB0001893,34.800 +/- 11.400,uM,15483635,34.8,,
alpha-tocopherol,HMDB0001893,34.827 +/- 11.144,uM,11454500,34.827,,
alpha-tocopherol,HMDB0001893,35.0500 +/- 11.730,uM,17378949,35.05,,
alpha-tocopherol,HMDB0001893,35.440 +/- 10.360,uM,17378949,35.44,,
alpha-tocopherol,HMDB0001893,37.845 +/- 11.609,uM,11454500,37.845,,
alpha-tocopherol,HMDB0001893,0.0186-0.0279,uM,2944375,,0.0186,0.0279
alpha-tocopherol,HMDB0001893,17.8,uM,9109609,17.8,,
alpha-tocopherol,HMDB0001893,29.0 (18.0-43.7),uM,16690736,29.0,18.0,43.7
alpha-tocopherol,HMDB0001893,26.3,uM,9109609,26.3,,
alpha-tocopherol,HMDB0001893,26.782,uM,20332276,26.782,,
alpha-tocopherol,HMDB0001893,28.2,uM,18279554,28.2,,
alpha-tocopherol,HMDB0001893,34,uM,19371448,34.0,,
alpha-tocopherol,HMDB0001893,22.472 +/- 5.370,uM,9126539,22.472,,
alpha-tocopherol,HMDB0001893,23.682 +/- 6.733,uM,10427874,23.682,,
alpha-tocopherol,HMDB0001893,24.581 +/- 10.230,uM,18813024,24.581,,
alpha-tocopherol,HMDB0001893,26 +/- 7.300,uM,8424386,26.0,,
alpha-tocopherol,HMDB0001893,26.200 +/- 8.400,uM,1512628,26.2,,
alpha-tocopherol,HMDB0001893,27.861 +/- 13.931,uM,20061366,27.861,,
alpha-tocopherol,HMDB0001893,28 +/- 11,uM,8424386,28.0,,
alpha-tocopherol,HMDB0001893,30.900 +/- 1.100,uM,11522560,30.9,,
alpha-tocopherol,HMDB0001893,31.800 +/- 0.800,uM,11522560,31.8,,
alpha-tocopherol,HMDB0001893,36.220 +/- 12.538,uM,11454500,36.22,,
alpha-tocopherol,HMDB0001893,37.380 +/- 12.0732,uM,11454500,37.38,,
alpha-tocopherol,HMDB0001893,19.7,uM,9109609,19.7,,
alpha-tocopherol,HMDB0001893,24.5,uM,10400557,24.5,,
alpha-tocopherol,HMDB0001893,27.5,uM,18279554,27.5,,
alpha-tocopherol,HMDB0001893,27.9,uM,9109609,27.9,,
alpha-tocopherol,HMDB0001893,33.87,uM,19371448,33.87,,
alpha-tocopherol,HMDB0001893,0.0223 +/- 0.00464,uM,11744516,0.0223,,
alpha-tocopherol,HMDB0001893,22.0684 +/- 4.249,uM,9126539,22.0684,,
alpha-tocopherol,HMDB0001893,25.539 +/- 6.965,uM,20061366,25.539,,
alpha-tocopherol,HMDB0001893,26 +/- 8,uM,8424386,26.0,,
alpha-tocopherol,HMDB0001893,27.100 +/- 8.400,uM,1512628,27.1,,
alpha-tocopherol,HMDB0001893,27.100 +/- 8.800,uM,9094932,27.1,,
alpha-tocopherol,HMDB0001893,28.200 +/- 0.400,uM,11522560,28.2,,
alpha-tocopherol,HMDB0001893,28.600 +/- 0.400,uM,11522560,28.6,,
alpha-tocopherol,HMDB0001893,30 +/- 12,uM,8424386,30.0,,
alpha-tocopherol,HMDB0001893,32.505 +/- 16.252,uM,20061366,32.505,,
alpha-tocopherol,HMDB0001893,32.505 +/- 8.126,uM,11454500,32.505,,
alpha-tocopherol,HMDB0001893,34.827 +/- 18.574,uM,20061366,34.827,,
alpha-tocopherol,HMDB0001893,38.541 +/- 11.144,uM,11454500,38.541,,
alpha-tocopherol,HMDB0001893,18.0-43.7,uM,16690736,,18.0,43.7
alpha-tocopherol,HMDB0001893,30.9 (17.6-53.2),uM,19235557,30.9,17.6,53.2
alpha-tocopherol,HMDB0001893,14.6 +/- 0.4,uM,18029489,14.6,,
alpha-tocopherol,HMDB0001893,48.6 +/- 23.7,uM,15705230,48.6,,
alpha-tocopherol,HMDB0001893,48.3 +/- 22.5,uM,15705230,48.3,,
alpha-tocopherol,HMDB0001893,14.2 +/- 0.4,uM,18029489,14.2,,
Phylloquinone,HMDB0003555,0.0011 +/- 0.0042,uM,15340366,0.0011,,
Phylloquinone,HMDB0003555,0.000540 +/- 0.000560,uM,12067432,0.00054,,
Phylloquinone,HMDB0003555,0.000560 +/- 0.000580,uM,12067432,0.00056,,
Phylloquinone,HMDB0003555,0.000500 +/- 0.000520,uM,12067432,0.0005,,
Phylloquinone,HMDB0003555,0.00164 +/- 0.00215,uM,17181887,0.00164,,
Phylloquinone,HMDB0003555,0.00102,uM,9109609,0.00102,,
Phylloquinone,HMDB0003555,0.00147,uM,9109609,0.00147,,
Phylloquinone,HMDB0003555,0.00150 +/- 0.00219,uM,17181887,0.0015,,
Phylloquinone,HMDB0003555,0.00106,uM,9109609,0.00106,,
Phylloquinone,HMDB0003555,0.00143,uM,9109609,0.00143,,
Phylloquinone,HMDB0003555,0.00180 +/- 0.00209,uM,17181887,0.0018,,
Phylloquinone,HMDB0003555,0.0058 (0.0020-0.017),uM,,0.0058,0.002,0.017
Flavin mononucleotide,HMDB0001520,0.0084 (0.0035-0.013),uM,18230968,0.0084,0.0035,0.013
Flavin mononucleotide,HMDB0001520,0.0075 (0.004-0.011),uM,12194936,0.0075,0.004,0.011
Flavin adenine dinucleotide,HMDB0001248,0.061 (0.044-0.078),uM,18230968,0.061,0.044,0.078
Flavin adenine dinucleotide,HMDB0001248,0.075 (0.056-0.097),uM,12194936,0.075,0.056,0.097
Glycerophosphocholine,HMDB0000086,33.0 +/- 4.0,uM,16043031,33.0,,
Propionylcarnitine,HMDB0000824,0.31 +/- 0.15,uM,21359215,0.31,,
Propionylcarnitine,HMDB0000824,0.400 +/- 0.021,uM,16425363,0.4,,
Propionylcarnitine,HMDB0000824,0.15-0.70,uM,,,0.15,0.7
Propionylcarnitine,HMDB0000824,0.44(0.14),uM,26010610,0.44,,
Propionylcarnitine,HMDB0000824,0.34 +/- 0.10,uM,28278231,0.34,,
Propionylcarnitine,HMDB0000824,0.15-0.70,uM,,,0.15,0.7
Acetylcarnitine,HMDB0000201,5.48 +/- 2.15,uM,21359215,5.48,,
Acetylcarnitine,HMDB0000201,3.00-12.5,uM,,,3.0,12.5
Acetylcarnitine,HMDB0000201,8.05(3.22),uM,26010610,8.05,,
Acetylcarnitine,HMDB0000201,3.00-12.5,uM,,,3.0,12.5
Acetylcarnitine,HMDB0000201,6.2 +/- 0.6,uM,12905800,6.2,,
Acetylcarnitine,HMDB0000201,5.7 +/- 0.7,uM,12905800,5.7,,
Acetylcarnitine,HMDB0000201,6.56 +/- 2.26,uM,28278231,6.56,,
Phosphoserine,HMDB0000272,17.0 +/- 3.0,uM,1550070,17.0,,
Uric acid,HMDB0000289,303 +/- 59,uM,11307586,303.0,,
Uric acid,HMDB0000289,150-360,uM,,,150.0,360.0
Uric acid,HMDB0000289,140-410,uM,15651030,,140.0,410.0
Uric acid,HMDB0000289,377.6 +/- 82.6,uM,11887176,377.6,,
Uric acid,HMDB0000289,494.2,uM,21359215,494.2,,
Uric acid,HMDB0000289,372.0 (238.0-506.0),uM,,372.0,238.0,506.0
Uric acid,HMDB0000289,298.0 (149.0-446.0),uM,,298.0,149.0,446.0
Uric acid,HMDB0000289,271.95 +/- 43.13,uM,16139832,271.95,,
Uric acid,HMDB0000289,256.8 +/-  7.0,uM,6656991,256.8,,
Uric acid,HMDB0000289,291.475 +/- 59.485,uM,12847698,291.475,,
Uric acid,HMDB0000289,240.91 +/- 82.68,uM,22626821,240.91,,
Uric acid,HMDB0000289,302.0 +/- 60.0,uM,,302.0,,
Uric acid,HMDB0000289,234.0 +/- 52.0,uM,,234.0,,
Uric acid,HMDB0000289,<420,uM,15965771,420.0,,
Uric acid,HMDB0000289,200-420,uM,23249873,,200.0,420.0
Glucosamine,HMDB0001514,0.29 (0.0-0.6),uM,17353133,0.29,0.0,0.6
Butyric acid,HMDB0000039,1.0 (0.3- 1.5),uM,,1.0,0.3,1.5
Glycerol 3-phosphate,HMDB0000126,30.0 +/- 3.0,uM,,30.0,,
Retinoic acid,HMDB0001852,0.20 +/- 0.18,uM,,0.2,,
Retinoic acid,HMDB0001852,0.0145 +/- 0.0092,uM,2756924,0.0145,,
Arachidonic acid,HMDB0001043,2.94 +/- 0.058,uM,20671299,2.94,,
Arachidonic acid,HMDB0001043,14 +/- 12,uM,21359215,14.0,,
Arachidonic acid,HMDB0001043,31.6 +/- 21.7,uM,18633173,31.6,,
Arachidonic acid,HMDB0001043,55.4 +/- 4.48,uM,25004141,55.4,,
Arachidonic acid,HMDB0001043,31.5 +/- 25.8,uM,18633173,31.5,,
Arachidonic acid,HMDB0001043,31.7 +/- 30.4,uM,18633173,31.7,,
Arachidonic acid,HMDB0001043,5.263 +/- 2.072,uM,18953024,5.263,,
Arachidonic acid,HMDB0001043,594.5 +/- 144.9,uM,27329611,594.5,,
Arachidonic acid,HMDB0001043,348.150 +/- 52.551,uM,17069347,348.15,,
Arachidonic acid,HMDB0001043,344.865 +/- 55.835,uM,17069347,344.865,,
Arachidonic acid,HMDB0001043,312.0208 +/- 62.404,uM,17069347,312.0208,,
Arachidonic acid,HMDB0001043,348.150 +/- 49.266,uM,17069347,348.15,,
Arachidonic acid,HMDB0001043,12,uM,2000815,12.0,,
Arachidonic acid,HMDB0001043,15,uM,2000815,15.0,,
Arachidonic acid,HMDB0001043,16,uM,2000815,16.0,,
Arachidonic acid,HMDB0001043,17,uM,2000815,17.0,,
Arachidonic acid,HMDB0001043,19,uM,2000815,19.0,,
Arachidonic acid,HMDB0001043,20,uM,2000815,20.0,,
Arachidonic acid,HMDB0001043,66,uM,2000815,66.0,,
Arachidonic acid,HMDB0001043,82,uM,2000815,82.0,,
Arachidonic acid,HMDB0001043,86,uM,2000815,86.0,,
Arachidonic acid,HMDB0001043,132,uM,2000815,132.0,,
Arachidonic acid,HMDB0001043,134,uM,2000815,134.0,,
Arachidonic acid,HMDB0001043,158,uM,2000815,158.0,,
Arachidonic acid,HMDB0001043,475.750 +/- 136.599,uM,17313719,475.75,,
Arachidonic acid,HMDB0001043,349.398 +/- 84.476,uM,9368807,349.398,,
Arachidonic acid,HMDB0001043,8.50 +/- 1.58,uM,14634727,8.5,,
Arachidonic acid,HMDB0001043,660 +/- 130,uM,14608088,660.0,,
Arachidonic acid,HMDB0001043,590 +/- 120,uM,14608088,590.0,,
MG 18:1,HMDB0011567,170 +/- 170,uM,21359215,170.0,,
DG 18:0-22:6,HMDB0007179,0.254 +/- 0.032,uM,20671299,0.254,,
PS (POPS) 16:0-18:1,HMDB0012357,0.186 +/- 0.029,uM,20671299,0.186,,
PG 16:0-18:1,HMDB0010574,0.604 +/- 0.044,uM,20671299,0.604,,
PA 16:0-18:1,HMDB0007859,0.147 +/- 0.012,uM,20671299,0.147,,
PI 16:0-18:1,HMDB0009783,1.78 +/- 0.14,uM,20671299,1.78,,
Lyso PC 15:0,HMDB0010381,1.764 +/- 0.855,uM,18953024,1.764,,
Cer d8:1/22:0 Cer,HMDB0004952,0.022 +/- 0.001,uM,20671299,0.022,,
Cer d8:1/22:0 Cer,HMDB0004952,0.128 +/- 0.012,uM,20671299,0.128,,
Cer d8:1/22:0 Cer,HMDB0004952,0.040 +/- 0.002,uM,20671299,0.04,,
Cer d8:1/22:0 Cer,HMDB0004952,0.145 +/- 0.007,uM,20671299,0.145,,
Cer d8:1/22:0 Cer,HMDB0004952,1.22 +/- 0.046,uM,20671299,1.22,,
Cer d8:1/22:0 Cer,HMDB0004952,0.281 +/- 0.033,uM,20671299,0.281,,
Cer d8:1/22:0 Cer,HMDB0004952,1.00 +/- 0.029,uM,20671299,1.0,,
Cer d8:1/22:0 Cer,HMDB0004952,3.00 +/- 0.107,uM,20671299,3.0,,
Cer d8:1/22:0 Cer,HMDB0004952,0.271 +/- 0.013,uM,20671299,0.271,,
Cer d8:1/22:0 Cer,HMDB0004952,0.036 +/- 0.002,uM,20671299,0.036,,
Cer d8:1/22:0 Cer,HMDB0004952,0.061 +/- 0.0007,uM,20671299,0.061,,
Cer d8:1/22:0 Cer,HMDB0004952,0.012 +/- 0.001,uM,20671299,0.012,,
Cer d8:1/22:0 Cer,HMDB0004952,0.331 +/- 0.029,uM,20671299,0.331,,
Cer d8:1/22:0 Cer,HMDB0004952,0.008 +/- 0.001,uM,20671299,0.008,,
SM d18:1-16:0,HMDB0010169,60.00-190.0,uM,,,60.0,190.0
SM d18:1-16:0,HMDB0010169,81 +/- 0.9,uM,20671299,81.0,,
SM d18:1-16:0,HMDB0010169,114.4 +/- 19.7,uM,28278231,114.4,,
CAR 16:0,HMDB0000222,0.113 +/- 0.006,uM,16425363,0.113,,
CAR 16:0,HMDB0000222,0.050-0.180,uM,,,0.05,0.18
CAR 16:0,HMDB0000222,0.11 +/- 0.03,uM,28278231,0.11,,
CAR 16:0,HMDB0000222,0.12(0.03),uM,26010610,0.12,,
CAR 16:0,HMDB0000222,0.050-0.180,uM,,,0.05,0.18
Prostaglandin E1,HMDB0001442,<0.0001,uM,21359215,0.0001,,
Prostaglandin E1,HMDB0001442,0.0000037 (0.0000034-0.0000051),uM,8070511,3.7e-06,3.4e-06,5.1e-06
Prostaglandin E1,HMDB0001442,<0.0001,uM,21359215,0.0001,,
Cholesteryl ester 17:0,HMDB0060059,32 +/- 1,uM,20671299,32.0,,
