internal_id,name,short,shortest,hmdb_primary,is_hmdbid_matching,kingdom,super_class,classorg,sub_class,parent,framework
0,D-Glucose,D-Glucose,glucose,HMDB0000122,True,Organic compounds,Organic oxygen compounds,Organooxygen compounds,Carbohydrates and carbohydrate conjugates,Hexoses,Aliphatic heteromonocyclic compounds
1,Glucose 6-phosphate sodium salt,Glucose 6-phosphate,G6P,HMDB0001401,True,Organic compounds,Organic oxygen compounds,Organooxygen compounds,Carbohydrates and carbohydrate conjugates,Hexose phosphates,Aliphatic heteromonocyclic compounds
3,"Fructose 1,6-bisphosphate","Fructose 1,6-bisphosphate","F1,6BP",HMDB0001058,True,Organic compounds,Organic oxygen compounds,Organooxygen compounds,Carbohydrates and carbohydrate conjugates,Hexose phosphates,Aliphatic heteromonocyclic compounds
4,Dihydroxyacetone phosphate dilithium salt,Dihydroxyacetone phosphate,DHAP,HMDB0001473,True,Organic compounds,Organic oxygen compounds,Organooxygen compounds,Carbohydrates and carbohydrate conjugates,Monosaccharide phosphates,Aliphatic acyclic compounds
7,3-Phosphoglyceric acid sodium salt,3-Phosphoglyceric acid,3-PG,HMDB0000807,True,Organic compounds,Organic oxygen compounds,Organooxygen compounds,Carbohydrates and carbohydrate conjugates,Sugar acids and derivatives,Aliphatic acyclic compounds
9,Phosphoenolpyruvic acid potassium salt,Phosphoenolpyruvic acid,PEP,HMDB0000263,True,Organic compounds,Organic acids and derivatives,Organic phosphoric acids and derivatives,Phosphate esters,Phosphate esters,Aliphatic acyclic compounds
10,Pyruvic acid,Pyruvic acid,pyruvate,HMDB0000243,True,Organic compounds,Organic acids and derivatives,Keto acids and derivatives,Alpha-keto acids and derivatives,Alpha-keto acids and derivatives,Aliphatic acyclic compounds
11,Acetyl-CoA,Acetyl-CoA,acetyl-CoA,HMDB0001206,True,Organic compounds,Organic oxygen compounds,Organooxygen compounds,Carbohydrates and carbohydrate conjugates,O-glucuronides,Aromatic heteromonocyclic compounds
12,L-Lactic acid sodium salt,L-Lactic acid,lactate,HMDB0000190,True,Organic compounds,Organic acids and derivatives,Hydroxy acids and derivatives,Alpha hydroxy acids and derivatives,Alpha hydroxy acids and derivatives,Aliphatic acyclic compounds
14,6-Phosphogluconic acid trisodium salt,6-Phosphogluconic acid,6-phosphogluconate,HMDB0001316,True,Organic compounds,Organic oxygen compounds,Organooxygen compounds,Carbohydrates and carbohydrate conjugates,Monosaccharide phosphates,Aliphatic acyclic compounds
15,D-Ribulose 5-phosphate disodium salt,D-Ribulose 5-phosphate,ribulose-5-phosphate,HMDB0000618,True,Organic compounds,Organic oxygen compounds,Organooxygen compounds,Carbohydrates and carbohydrate conjugates,Pentose phosphates,Aliphatic acyclic compounds
16,D-Ribose 5-phosphate disodium salt hydrate,D-Ribose 5-phosphate,ribose-5-phosphate,HMDB0001548,True,Organic compounds,Organic oxygen compounds,Organooxygen compounds,Carbohydrates and carbohydrate conjugates,Pentose phosphates,Aliphatic heteromonocyclic compounds
17,Dihydroxyacetone,Dihydroxyacetone,dihydroxyacetone,HMDB0001882,True,Organic compounds,Organic oxygen compounds,Organooxygen compounds,Carbohydrates and carbohydrate conjugates,Monosaccharides,Aliphatic acyclic compounds
20,Gluconic acid,Gluconic acid,gluconate,HMDB0000625,True,Organic compounds,Organic oxygen compounds,Organooxygen compounds,Carbohydrates and carbohydrate conjugates,Sugar acids and derivatives,Aliphatic acyclic compounds
21,L-Ribulose,L-Ribulose,ribulose,HMDB0003371,True,Organic compounds,Organic oxygen compounds,Organooxygen compounds,Carbohydrates and carbohydrate conjugates,Pentoses,Aliphatic heteromonocyclic compounds
22,Citric acid,Citric acid,citrate,HMDB0000094,True,Organic compounds,Organic acids and derivatives,Carboxylic acids and derivatives,Tricarboxylic acids and derivatives,Tricarboxylic acids and derivatives,Aliphatic acyclic compounds
24,cis-Aconitic acid,cis-Aconitic acid,cis-aconitate,HMDB0000072,True,Organic compounds,Organic acids and derivatives,Carboxylic acids and derivatives,Tricarboxylic acids and derivatives,Tricarboxylic acids and derivatives,Aliphatic acyclic compounds
26,Oxoglutaric acid,Oxoglutaric acid,a-Ketoglutarate,HMDB0000208,True,Organic compounds,Organic acids and derivatives,Keto acids and derivatives,Gamma-keto acids and derivatives,Gamma-keto acids and derivatives,Aliphatic acyclic compounds
28,Succinic acid,Succinic acid,succinate,HMDB0000254,True,Organic compounds,Organic acids and derivatives,Carboxylic acids and derivatives,Dicarboxylic acids and derivatives,Dicarboxylic acids and derivatives,Aliphatic acyclic compounds
29,Fumaric acid,Fumaric acid,fumarate,HMDB0000134,True,Organic compounds,Organic acids and derivatives,Carboxylic acids and derivatives,Dicarboxylic acids and derivatives,Dicarboxylic acids and derivatives,Aliphatic acyclic compounds
30,L-Malic acid,L-Malic acid,malate,HMDB0000156,True,Organic compounds,Organic acids and derivatives,Hydroxy acids and derivatives,Beta hydroxy acids and derivatives,Beta hydroxy acids and derivatives,Aliphatic acyclic compounds
31,Oxalacetic acid,Oxalacetic acid,OAA,HMDB0000223,True,Organic compounds,Organic acids and derivatives,Keto acids and derivatives,Short-chain keto acids and derivatives,Short-chain keto acids and derivatives,Aliphatic acyclic compounds
33,Uridine diphosphate glucose,Uridine diphosphate glucose,UDP-glucose,HMDB0000286,True,Organic compounds,"Nucleosides, nucleotides, and analogues",Pyrimidine nucleotides,Pyrimidine nucleotide sugars,Pyrimidine nucleotide sugars,Aromatic heteromonocyclic compounds
34,Uridine diphosphoglucuronic acid trisodium salt,Uridine diphosphate glucuronic acid,UDP-glucuronate,HMDB0000935,True,Organic compounds,Organoheterocyclic compounds,Lactones,Gamma butyrolactones,Gamma butyrolactones,Aliphatic heteromonocyclic compounds
35,Glucosamine 6-phosphate,Glucosamine 6-phosphate,glucosamine-6-phosphate,HMDB0001254,True,Organic compounds,Organic oxygen compounds,Organooxygen compounds,Carbohydrates and carbohydrate conjugates,Hexose phosphates,Aliphatic heteromonocyclic compounds
36,N-Acetyl-D-galactosamine 1-phosphate,N-Acetyl-D-galactosamine 1-phosphate,GalNAc-phosphate,HMDB0006480,True,Organic compounds,Organic oxygen compounds,Organooxygen compounds,Carbohydrates and carbohydrate conjugates,N-acyl-alpha-hexosamines,Aliphatic heteromonocyclic compounds
38,Uridine diphosphate-N-acetylglucosamine,Uridine diphosphate-N-acetylglucosamine,UDP-GlcNAc,HMDB0000290,True,Organic compounds,"Nucleosides, nucleotides, and analogues",Pyrimidine nucleotides,Pyrimidine nucleotide sugars,Pyrimidine nucleotide sugars,Aromatic heteromonocyclic compounds
39,N-Acetyl-D-glucosamine,N-Acetyl-D-glucosamine,GlcNAc,HMDB0000215,True,Organic compounds,Organic oxygen compounds,Organooxygen compounds,Carbohydrates and carbohydrate conjugates,Acylaminosugars,Aliphatic heteromonocyclic compounds
40,myo-Inositol,myo-Inositol,myo-inositol,HMDB0000211,True,Organic compounds,Organic oxygen compounds,Organooxygen compounds,Alcohols and polyols,Cyclohexanols,Aliphatic homomonocyclic compounds
41,Ascorbic acid,Ascorbic acid,vitamin C,HMDB0000044,True,Organic compounds,Organoheterocyclic compounds,Dihydrofurans,Furanones,Butenolides,Aliphatic heteromonocyclic compounds
42,Myo-inositol 1-phosphate dipotassium salt,Myo-inositol 1-phosphate,myo-inositol phosphate,HMDB0000213,True,Organic compounds,Organic oxygen compounds,Organooxygen compounds,Alcohols and polyols,Inositol phosphates,Aliphatic homomonocyclic compounds
46,Palmitic acid,Palmitic acid,palmitate,HMDB0000220,True,Organic compounds,Lipids and lipid-like molecules,Fatty Acyls,Fatty acids and conjugates,Long-chain fatty acids,Aliphatic acyclic compounds
50,(R)-Mevalonic acid lithium salt,Mevalonic acid,mevalonate,HMDB0000227,True,Organic compounds,Lipids and lipid-like molecules,Fatty Acyls,Fatty acids and conjugates,Hydroxy fatty acids,Aliphatic acyclic compounds
51,Cholesterol,Cholesterol,cholesterol,HMDB0000067,True,Organic compounds,Lipids and lipid-like molecules,Steroids and steroid derivatives,Cholestane steroids,Cholesterols and derivatives,Aliphatic homopolycyclic compounds
53,Malonic acid,Malonic acid,malonate,HMDB0000691,True,Organic compounds,Organic acids and derivatives,Carboxylic acids and derivatives,Dicarboxylic acids and derivatives,Dicarboxylic acids and derivatives,Aliphatic acyclic compounds
54,3-Hydroxymethylglutaric acid,3-Hydroxymethylglutaric acid,3-hydroxymethylglutarate,HMDB0000355,True,Organic compounds,Lipids and lipid-like molecules,Fatty Acyls,Fatty acids and conjugates,Hydroxy fatty acids,Aliphatic acyclic compounds
55,Palmitoyl-CoA (Ammonium Salt),Palmityl-CoA,palmitoyl-CoA,HMDB0001338,True,Organic compounds,Lipids and lipid-like molecules,Fatty Acyls,Fatty acyl thioesters,Long-chain fatty acyl CoAs,Aromatic heteropolycyclic compounds
56,L-Carnitine,L-Carnitine,carnitine,HMDB0000062,True,Organic compounds,Organic nitrogen compounds,Organonitrogen compounds,Quaternary ammonium salts,Carnitines,Aliphatic acyclic compounds
58,Cholic acid,Cholic acid,cholate,HMDB0000619,True,Organic compounds,Lipids and lipid-like molecules,Steroids and steroid derivatives,"Bile acids, alcohols and derivatives","Trihydroxy bile acids, alcohols and derivatives",Aliphatic homopolycyclic compounds
59,Glycine,Glycine,glycine,HMDB0000123,True,Organic compounds,Organic acids and derivatives,Carboxylic acids and derivatives,"Amino acids, peptides, and analogues",Alpha amino acids,Aliphatic acyclic compounds
60,Taurocholic acid,Taurocholic acid,taurocholate,HMDB0000036,True,Organic compounds,Lipids and lipid-like molecules,Steroids and steroid derivatives,"Bile acids, alcohols and derivatives","Trihydroxy bile acids, alcohols and derivatives",Aliphatic homopolycyclic compounds
61,Estradiol,Estradiol,estradiol,HMDB0000151,True,Organic compounds,Lipids and lipid-like molecules,Steroids and steroid derivatives,Estrane steroids,Estrogens and derivatives,Aromatic homopolycyclic compounds
67,L-Asparagine,L-Asparagine,Asn,HMDB0000168,True,Organic compounds,Organic acids and derivatives,Carboxylic acids and derivatives,"Amino acids, peptides, and analogues",Asparagine and derivatives,Aliphatic acyclic compounds
68,L-Aspartic acid,L-Aspartic acid,Asp,HMDB0000191,True,Organic compounds,Organic acids and derivatives,Carboxylic acids and derivatives,"Amino acids, peptides, and analogues",Aspartic acid and derivatives,Aliphatic acyclic compounds
69,N-Acetyl-L-aspartic acid,N-Acetyl-L-aspartic acid,NAA,HMDB0000812,True,Organic compounds,Organic acids and derivatives,Carboxylic acids and derivatives,"Amino acids, peptides, and analogues",Aspartic acid and derivatives,Aliphatic acyclic compounds
70,L-Glutamine,L-Glutamine,Gln,HMDB0000641,True,Organic compounds,Organic acids and derivatives,Carboxylic acids and derivatives,"Amino acids, peptides, and analogues",L-alpha-amino acids,Aliphatic acyclic compounds
71,L-Glutamic acid,L-Glutamic acid,Glu,HMDB0000148,True,Organic compounds,Organic acids and derivatives,Carboxylic acids and derivatives,"Amino acids, peptides, and analogues",Glutamic acid and derivatives,Aliphatic acyclic compounds
72,N-Acetylaspartylglutamic acid,N-Acetylaspartylglutamic acid,NAAG,HMDB0001067,True,Organic compounds,Organic acids and derivatives,Carboxylic acids and derivatives,"Amino acids, peptides, and analogues",Dipeptides,Aliphatic acyclic compounds
73,gamma-Aminobutyric acid,gamma-Aminobutyric acid,GABA,HMDB0000112,True,Organic compounds,Organic acids and derivatives,Carboxylic acids and derivatives,"Amino acids, peptides, and analogues",Gamma amino acids and derivatives,Aliphatic acyclic compounds
74,L-Phenylalanine,L-Phenylalanine,Phe,HMDB0000159,True,Organic compounds,Organic acids and derivatives,Carboxylic acids and derivatives,"Amino acids, peptides, and analogues",Phenylalanine and derivatives,Aromatic homomonocyclic compounds
75,L-Tyrosine,L-Tyrosine,Tyr,HMDB0000158,True,Organic compounds,Organic acids and derivatives,Carboxylic acids and derivatives,"Amino acids, peptides, and analogues",Tyrosine and derivatives,Aromatic homomonocyclic compounds
76,L-Dopa,L-Dopa,DOPA,HMDB0000181,True,Organic compounds,Organic acids and derivatives,Carboxylic acids and derivatives,"Amino acids, peptides, and analogues",Tyrosine and derivatives,Aromatic homomonocyclic compounds
77,Dopamine,Dopamine,dopamine,HMDB0000073,True,Organic compounds,Benzenoids,Phenols,Benzenediols,Catecholamines and derivatives,Aromatic homomonocyclic compounds
79,Epinephrine,Epinephrine,adrenaline,HMDB0000068,True,Organic compounds,Benzenoids,Phenols,Benzenediols,Catechols,Aromatic homomonocyclic compounds
83,Acetoacetic acid lithium salt,Acetoacetic acid,acetoacetate,HMDB0000060,True,Organic compounds,Organic acids and derivatives,Keto acids and derivatives,Short-chain keto acids and derivatives,Short-chain keto acids and derivatives,Aliphatic acyclic compounds
84,L-Histidine,L-Histidine,His,HMDB0000177,True,Organic compounds,Organic acids and derivatives,Carboxylic acids and derivatives,"Amino acids, peptides, and analogues",Histidine and derivatives,Aromatic heteromonocyclic compounds
85,Carnosine,Carnosine,carnosine,HMDB0000033,True,Organic compounds,Organic acids and derivatives,Peptidomimetics,Hybrid peptides,Hybrid peptides,Aromatic heteromonocyclic compounds
86,Urocanic acid,Urocanic acid,urocanate,HMDB0000301,True,Organic compounds,Organoheterocyclic compounds,Azoles,Imidazoles,Imidazolyl carboxylic acids and derivatives,Aromatic heteromonocyclic compounds
89,Histamine,Histamine,histamine,HMDB0000870,True,Organic compounds,Organic nitrogen compounds,Organonitrogen compounds,Amines,2-arylethylamines,Aromatic heteromonocyclic compounds
90,L-Arginine,L-Arginine,Arg,HMDB0000517,True,Organic compounds,Organic acids and derivatives,Carboxylic acids and derivatives,"Amino acids, peptides, and analogues",L-alpha-amino acids,Aliphatic acyclic compounds
91,Citrulline,Citrulline,citrulline,HMDB0000904,True,Organic compounds,Organic acids and derivatives,Carboxylic acids and derivatives,"Amino acids, peptides, and analogues",L-alpha-amino acids,Aliphatic acyclic compounds
92,"Argininosuccinic acid lithium salt (1,2 or 3 Li, they don't say)",Argininosuccinic acid,argininosuccinate,HMDB0000052,True,Organic compounds,Organic acids and derivatives,Carboxylic acids and derivatives,"Amino acids, peptides, and analogues",Aspartic acid and derivatives,Aliphatic acyclic compounds
93,Ornithine,Ornithine,ornithine,HMDB0000214,True,Organic compounds,Organic acids and derivatives,Carboxylic acids and derivatives,"Amino acids, peptides, and analogues",L-alpha-amino acids,Aliphatic acyclic compounds
95,"Carbamoyl phosphate dibasic hydrate, lithium salt",Carbamoyl phosphate,carbamoyl phosphate,HMDB0001096,True,Organic compounds,Organic acids and derivatives,Organic phosphoric acids and derivatives,,Organic phosphoric acids and derivatives,Aliphatic acyclic compounds
97,L-Proline,L-Proline,Pro,HMDB0000162,True,Organic compounds,Organic acids and derivatives,Carboxylic acids and derivatives,"Amino acids, peptides, and analogues",Proline and derivatives,Aliphatic heteromonocyclic compounds
98,4-Hydroxyproline,4-Hydroxyproline,hydroxyproline,HMDB0000725,True,Organic compounds,Organic acids and derivatives,Carboxylic acids and derivatives,"Amino acids, peptides, and analogues",Proline and derivatives,Aliphatic heteromonocyclic compounds
99,Putrescine dihydrochloride,Putrescine,putrescine,HMDB0001414,True,Organic compounds,Organic nitrogen compounds,Organonitrogen compounds,Amines,Monoalkylamines,Aliphatic acyclic compounds
100,Spermidine,Spermidine,spermidine,HMDB0001257,True,Organic compounds,Organic nitrogen compounds,Organonitrogen compounds,Amines,Dialkylamines,Aliphatic acyclic compounds
101,Spermine tetrahydrochloride,Spermine,spermine,HMDB0001256,True,Organic compounds,Organic nitrogen compounds,Organonitrogen compounds,Amines,Dialkylamines,Aliphatic acyclic compounds
103,Creatine,Creatine,creatine,HMDB0000064,True,Organic compounds,Organic acids and derivatives,Carboxylic acids and derivatives,"Amino acids, peptides, and analogues",Alpha amino acids and derivatives,Aliphatic acyclic compounds
105,Creatinine,Creatinine,creatinine,HMDB0000562,True,Organic compounds,Organic acids and derivatives,Carboxylic acids and derivatives,"Amino acids, peptides, and analogues",Alpha amino acids and derivatives,Aliphatic heteromonocyclic compounds
106,Agmatine,Agmatine,agmatine,HMDB0001432,True,Organic compounds,Organic nitrogen compounds,Organonitrogen compounds,Guanidines,Guanidines,Aliphatic acyclic compounds
107,Folic acid,Folic acid,"folic acid, vitamin B9",HMDB0000121,True,Organic compounds,Organic acids and derivatives,Carboxylic acids and derivatives,"Amino acids, peptides, and analogues",Glutamic acid and derivatives,
108,5-Methyltetrahydrofolic acid disodium salt,Tetrahydrofolic acid,tetrahydrofolate,HMDB0001846,True,Organic compounds,Organoheterocyclic compounds,Imidazopyrimidines,Purines and purine derivatives,Xanthines,Aromatic heteropolycyclic compounds
110,L-Methionine,L-Methionine,Met,HMDB0000696,True,Organic compounds,Organic acids and derivatives,Carboxylic acids and derivatives,"Amino acids, peptides, and analogues",Methionine and derivatives,
111,L-Cystine,L-Cystine,Cys-Cys,HMDB0000192,True,Organic compounds,Organic acids and derivatives,Carboxylic acids and derivatives,"Amino acids, peptides, and analogues",L-cysteine-S-conjugates,Aliphatic acyclic compounds
113,Oxidized glutathione,Oxidized glutathione,GSH,HMDB0003337,True,Organic compounds,Organic acids and derivatives,Carboxylic acids and derivatives,"Amino acids, peptides, and analogues",Peptides,Aliphatic acyclic compounds
114,Glutathione,Glutathione,GSSG,HMDB0000125,True,Organic compounds,Organic acids and derivatives,Carboxylic acids and derivatives,"Amino acids, peptides, and analogues",Peptides,Aliphatic acyclic compounds
117,Taurine,Taurine,taurine,HMDB0000251,True,Organic compounds,Organic acids and derivatives,Organic sulfonic acids and derivatives,Organosulfonic acids and derivatives,Organosulfonic acids,Aliphatic acyclic compounds
119,S-Adenosylmethionine,S-Adenosylmethionine,SAM,HMDB0001185,True,Organic compounds,"Nucleosides, nucleotides, and analogues",5'-deoxyribonucleosides,5'-deoxy-5'-thionucleosides,5'-deoxy-5'-thionucleosides,Aromatic heteropolycyclic compounds
120,S-Adenosylhomocysteine,S-Adenosylhomocysteine,SAH,HMDB0000939,True,Organic compounds,"Nucleosides, nucleotides, and analogues",5'-deoxyribonucleosides,5'-deoxy-5'-thionucleosides,5'-deoxy-5'-thionucleosides,Aromatic heteropolycyclic compounds
121,Homocysteine,Homocysteine,homocysteine,HMDB0000742,True,Organic compounds,Organic acids and derivatives,Carboxylic acids and derivatives,"Amino acids, peptides, and analogues",L-alpha-amino acids,Aliphatic acyclic compounds
123,L-Cysteine,L-Cysteine,Cys,HMDB0000574,True,Organic compounds,Organic acids and derivatives,Carboxylic acids and derivatives,"Amino acids, peptides, and analogues",Cysteine and derivatives,Aliphatic acyclic compounds
125,"N6,N6,N6-Trimethyl-L-lysine hydrochloride","N6,N6,N6-Trimethyl-L-lysine",trimethyllysine,HMDB0001325,True,Organic compounds,Organic acids and derivatives,Carboxylic acids and derivatives,"Amino acids, peptides, and analogues",L-alpha-amino acids,Aliphatic acyclic compounds
129,L-Valine,L-Valine,Val,HMDB0000883,True,Organic compounds,Organic acids and derivatives,Carboxylic acids and derivatives,"Amino acids, peptides, and analogues",Valine and derivatives,Aliphatic acyclic compounds
132,Pantothenic acid,Pantothenic acid,"panthothenic acid, vitamin B5",HMDB0000210,True,Organic compounds,Organic oxygen compounds,Organooxygen compounds,Alcohols and polyols,Secondary alcohols,Aliphatic acyclic compounds
136,Pantetheine,Pantetheine,pantetheine,HMDB0003426,True,Organic compounds,Organic acids and derivatives,Carboxylic acids and derivatives,"Amino acids, peptides, and analogues",Beta amino acids and derivatives,Aliphatic acyclic compounds
138,Coenzyme A,Coenzyme A,CoA,HMDB0001423,True,Organic compounds,"Nucleosides, nucleotides, and analogues",Purine nucleotides,Purine ribonucleotides,Coenzyme A and derivatives,Aromatic heteropolycyclic compounds
141,L-Serine,L-Serine,Ser,HMDB0000187,True,Organic compounds,Organic acids and derivatives,Carboxylic acids and derivatives,"Amino acids, peptides, and analogues",Serine and derivatives,Aliphatic acyclic compounds
148,L-Tryptophan,L-Tryptophan,Trp,HMDB0000929,True,Organic compounds,Organoheterocyclic compounds,Indoles and derivatives,Indolyl carboxylic acids and derivatives,Indolyl carboxylic acids and derivatives,Aromatic heteropolycyclic compounds
150,L-Kynurenine,L-Kynurenine,kynurenine,HMDB0000684,True,Organic compounds,Organic oxygen compounds,Organooxygen compounds,Carbonyl compounds,Alkyl-phenylketones,Aromatic homomonocyclic compounds
151,Kynurenic acid,Kynurenic acid,kynurenic acid,HMDB0000715,True,Organic compounds,Organoheterocyclic compounds,Quinolines and derivatives,Quinoline carboxylic acids,Quinoline carboxylic acids,Aromatic heteropolycyclic compounds
154,3-Hydroxyanthranilic acid,3-Hydroxyanthranilic acid,hydroxyanthralinic acid,HMDB0001476,True,Organic compounds,Benzenoids,Benzene and substituted derivatives,Benzoic acids and derivatives,Hydroxybenzoic acid derivatives,Aromatic homomonocyclic compounds
155,Quinolinic acid,Quinolinic acid,quinolic acid,HMDB0000232,True,Organic compounds,Organoheterocyclic compounds,Pyridines and derivatives,Pyridinecarboxylic acids and derivatives,Pyridinecarboxylic acids,Aromatic heteromonocyclic compounds
158,NAD nicotinamide adenine dinucleotide,NAD nicotinamide adenine dinucleotide,NAD,HMDB0000902,True,Organic compounds,"Nucleosides, nucleotides, and analogues",(5'->5')-dinucleotides,,(5'->5')-dinucleotides,Aromatic heteropolycyclic compounds
159,NADH (reduced) disodium salt hydrate,NADH (reduced),NADH,HMDB0001487,True,Organic compounds,"Nucleosides, nucleotides, and analogues",(5'->5')-dinucleotides,,(5'->5')-dinucleotides,Aromatic heteropolycyclic compounds
160,Niacinamide,Niacinamide,nicotinamide,HMDB0001406,True,Organic compounds,Organoheterocyclic compounds,Pyridines and derivatives,Pyridinecarboxylic acids and derivatives,Nicotinamides,Aromatic heteromonocyclic compounds
161,Nicotinic acid,Nicotinic acid,"nicotinic acid, vitamin B3",HMDB0001488,True,Organic compounds,Organoheterocyclic compounds,Pyridines and derivatives,Pyridinecarboxylic acids and derivatives,Pyridinecarboxylic acids,Aromatic heteromonocyclic compounds
165,Serotonin,Serotonin,serotonin,HMDB0000259,True,Organic compounds,Organoheterocyclic compounds,Indoles and derivatives,Tryptamines and derivatives,Serotonins,Aromatic heteropolycyclic compounds
166,5-Hydroxyindoleacetic acid,5-Hydroxyindoleacetic acid,5-hydroxy-indoleacetate,HMDB0000763,True,Organic compounds,Organoheterocyclic compounds,Indoles and derivatives,Indolyl carboxylic acids and derivatives,Indole-3-acetic acid derivatives,Aromatic heteropolycyclic compounds
168,Melatonin,Melatonin,melatonin,HMDB0001389,True,Organic compounds,Organoheterocyclic compounds,Indoles and derivatives,Indoles,3-alkylindoles,Aromatic heteropolycyclic compounds
169,Nicotinamide riboside chloride,Nicotinamide riboside,nicotinamide riboside,HMDB0000855,True,Organic compounds,Organic oxygen compounds,Organooxygen compounds,Carbohydrates and carbohydrate conjugates,Glycosylamines,Aromatic heteromonocyclic compounds
170,Nicotinamide ribotide,Nicotinamide ribotide,nicotinamide ribotide,HMDB0000229,True,Organic compounds,"Nucleosides, nucleotides, and analogues",Pyridine nucleotides,Nicotinamide nucleotides,Nicotinamide nucleotides,Aromatic heteromonocyclic compounds
184,Hypoxanthine,Hypoxanthine,hypoxanthine,HMDB0000157,True,Organic compounds,Organoheterocyclic compounds,Imidazopyrimidines,Purines and purine derivatives,Hypoxanthines,Aromatic heteropolycyclic compounds
185,Adenosine monophosphate,Adenosine monophosphate,AMP,HMDB0000045,True,Organic compounds,"Nucleosides, nucleotides, and analogues",Purine nucleotides,Purine ribonucleotides,Purine ribonucleoside monophosphates,Aromatic heteropolycyclic compounds
187,Adenine,Adenine,adenine,HMDB0000034,True,Organic compounds,Organoheterocyclic compounds,Imidazopyrimidines,Purines and purine derivatives,6-aminopurines,
190,Xanthine,Xanthine,xanthine,HMDB0000292,True,Organic compounds,Organoheterocyclic compounds,Imidazopyrimidines,Purines and purine derivatives,Xanthines,Aromatic heteropolycyclic compounds
193,Guanine,Guanine,guanine,HMDB0000132,True,Organic compounds,Organoheterocyclic compounds,Imidazopyrimidines,Purines and purine derivatives,Purines and purine derivatives,Aromatic heteropolycyclic compounds
194,ADP,ADP,ADP,HMDB0001341,True,Organic compounds,"Nucleosides, nucleotides, and analogues",Purine nucleotides,Purine ribonucleotides,Purine ribonucleoside diphosphates,Aromatic heteropolycyclic compounds
195,Adenosine triphosphate,Adenosine triphosphate,ATP,HMDB0000538,True,Organic compounds,"Nucleosides, nucleotides, and analogues",Purine nucleotides,Purine ribonucleotides,Purine ribonucleoside triphosphates,Aromatic heteropolycyclic compounds
198,Cyclic AMP,Cyclic AMP,cyclic AMP,HMDB0000058,True,Organic compounds,"Nucleosides, nucleotides, and analogues",Purine nucleotides,Cyclic purine nucleotides,"3',5'-cyclic purine nucleotides",Aromatic heteropolycyclic compounds
204,Ureidosuccinic acid,Ureidosuccinic acid,N-carbamoyl aspartate,HMDB0000828,True,Organic compounds,Organic acids and derivatives,Carboxylic acids and derivatives,"Amino acids, peptides, and analogues",Aspartic acid and derivatives,Aliphatic acyclic compounds
205,"4,5-Dihydroorotic acid","4,5-Dihydroorotic acid",dihydroorotoic acid,HMDB0000528,True,Organic compounds,Organic acids and derivatives,Carboxylic acids and derivatives,"Amino acids, peptides, and analogues",Alpha amino acids and derivatives,Aliphatic heteromonocyclic compounds
206,Orotic acid,Orotic acid,orotic acid,HMDB0000226,True,Organic compounds,Organoheterocyclic compounds,Diazines,Pyrimidines and pyrimidine derivatives,Pyrimidinecarboxylic acids,Aromatic heteromonocyclic compounds
209,Uridine,Uridine,uridine,HMDB0000296,True,Organic compounds,"Nucleosides, nucleotides, and analogues",Pyrimidine nucleosides,,Pyrimidine nucleosides,Aromatic heteromonocyclic compounds
210,Uracil,Uracil,uracil,HMDB0000300,True,Organic compounds,Organoheterocyclic compounds,Diazines,Pyrimidines and pyrimidine derivatives,Pyrimidones,Aromatic heteromonocyclic compounds
213,Thymine,Thymine,thymine,HMDB0000262,True,Organic compounds,Organoheterocyclic compounds,Diazines,Pyrimidines and pyrimidine derivatives,Hydroxypyrimidines,Aromatic heteromonocyclic compounds
214,Cytidine monophosphate,Cytidine monophosphate,CMP,HMDB0000095,True,Organic compounds,"Nucleosides, nucleotides, and analogues",Pyrimidine nucleotides,Pyrimidine ribonucleotides,Pyrimidine ribonucleoside monophosphates,Aromatic heteromonocyclic compounds
215,Cytidine,Cytidine,cytidine,HMDB0000089,True,Organic compounds,"Nucleosides, nucleotides, and analogues",Pyrimidine nucleosides,,Pyrimidine nucleosides,Aromatic heteromonocyclic compounds
216,Cytosine,Cytosine,cytosine,HMDB0000630,True,Organic compounds,Organoheterocyclic compounds,Diazines,Pyrimidines and pyrimidine derivatives,Pyrimidones,Aromatic heteromonocyclic compounds
217,Uridine 5'-diphosphate,Uridine 5'-diphosphate,UDP,HMDB0000295,True,Organic compounds,"Nucleosides, nucleotides, and analogues",Pyrimidine nucleotides,Pyrimidine ribonucleotides,Pyrimidine ribonucleoside diphosphates,Aromatic heteromonocyclic compounds
226,Choline,Choline,choline,HMDB0000097,True,Organic compounds,Organic nitrogen compounds,Organonitrogen compounds,Quaternary ammonium salts,Cholines,Aliphatic acyclic compounds
227,Acetylcholine,Acetylcholine,acetylcholine,HMDB0000895,True,Organic compounds,Organic nitrogen compounds,Organonitrogen compounds,Quaternary ammonium salts,Acyl cholines,Aliphatic acyclic compounds
231,Thiamine,Thiamine,"thiamine, vitamin B1",HMDB0000235,True,Organic compounds,Organoheterocyclic compounds,Diazines,Pyrimidines and pyrimidine derivatives,Thiamines,Aromatic heteromonocyclic compounds
232,Riboflavin,Riboflavin,"riboflavin, vitamin B2",HMDB0000244,True,Organic compounds,Organoheterocyclic compounds,Pteridines and derivatives,Alloxazines and isoalloxazines,Flavins,Aromatic heteropolycyclic compounds
233,Pyridoxine,Pyridoxine,"pyridoxine, vitamin B6",HMDB0000239,True,Organic compounds,Organoheterocyclic compounds,Pyridines and derivatives,Pyridoxines,Pyridoxines,Aromatic heteromonocyclic compounds
235,Biotin,Biotin,"biotin, vitamin B7",HMDB0000030,True,Organic compounds,Organoheterocyclic compounds,Biotin and derivatives,,Biotin and derivatives,Aliphatic heteropolycyclic compounds
236,Cholecalciferol,Cholecalciferol,Vitamin D3,HMDB0000876,True,Organic compounds,Lipids and lipid-like molecules,Steroids and steroid derivatives,Vitamin D and derivatives,Vitamin D and derivatives,Aliphatic homopolycyclic compounds
237,Alpha-tocopherol,Alpha-tocopherol,Vitamin E,HMDB0001893,True,Organic compounds,Lipids and lipid-like molecules,Prenol lipids,Quinone and hydroquinone lipids,Tocopherols,Aromatic heteropolycyclic compounds
238,Phylloquinone,Phylloquinone,Vitamin K1,HMDB0003555,True,Organic compounds,Lipids and lipid-like molecules,Prenol lipids,Quinone and hydroquinone lipids,Vitamin K compounds,Aromatic homopolycyclic compounds
239,Flavin Mononucleotide sodium salt,Flavin Mononucleotide,"FMN, riboflavin-P",HMDB0001520,True,Organic compounds,"Nucleosides, nucleotides, and analogues",Flavin nucleotides,,Flavin nucleotides,Aromatic heteropolycyclic compounds
241,Flavin adenine dinucleotide disodium salt hydrate,Flavin adenine dinucleotide,FAD,HMDB0001248,True,Organic compounds,"Nucleosides, nucleotides, and analogues",Flavin nucleotides,,Flavin nucleotides,Aromatic heteropolycyclic compounds
246,Phosphocreatine,Phosphocreatine,phosphocreatine,HMDB0001511,True,Organic compounds,Organic acids and derivatives,Carboxylic acids and derivatives,"Amino acids, peptides, and analogues",Alpha amino acids and derivatives,Aliphatic acyclic compounds
250,Glycerophosphocholine,Glycerophosphocholine,glycerophosphocholine,HMDB0000086,True,Organic compounds,Lipids and lipid-like molecules,Glycerophospholipids,Glycerophosphocholines,Glycerophosphocholines,Aliphatic acyclic compounds
254,Propionylcarnitine,Propionylcarnitine,C3-carnitine,HMDB0000824,True,Organic compounds,Lipids and lipid-like molecules,Fatty Acyls,Fatty acid esters,Acyl carnitines,Aliphatic acyclic compounds
257,L-Acetylcarnitine HCl,L-Acetylcarnitine,acetylcarnitine,HMDB0000201,True,Organic compounds,Lipids and lipid-like molecules,Fatty Acyls,Fatty acid esters,Acyl carnitines,Aliphatic acyclic compounds
264,Phosphoserine,Phosphoserine,phosphoserine,HMDB0000272,True,Organic compounds,Organic acids and derivatives,Carboxylic acids and derivatives,"Amino acids, peptides, and analogues",L-alpha-amino acids,Aliphatic acyclic compounds
274,Uric acid,Uric acid,uric acid,HMDB0000289,True,Organic compounds,Organoheterocyclic compounds,Imidazopyrimidines,Purines and purine derivatives,Xanthines,Aromatic heteropolycyclic compounds
276,Cholesteryl acetate,Cholesteryl acetate,CE cholesteryl acetate,HMDB0003822,True,Organic compounds,Lipids and lipid-like molecules,Steroids and steroid derivatives,Steroid esters,Cholesteryl esters,Aliphatic homopolycyclic compounds
310,Indole,Indole,indole,HMDB0000738,True,Organic compounds,Organoheterocyclic compounds,Indoles and derivatives,Indoles,Indoles,Aromatic heteropolycyclic compounds
318,Glucosamine,Glucosamine,glucosamine,HMDB0001514,True,Organic compounds,Organic oxygen compounds,Organooxygen compounds,Carbohydrates and carbohydrate conjugates,Hexoses,Aliphatic heteromonocyclic compounds
322,Butyric acid,Butyric acid,butyrate,HMDB0000039,True,Organic compounds,Lipids and lipid-like molecules,Fatty Acyls,Fatty acids and conjugates,Straight chain fatty acids,Aliphatic acyclic compounds
323,Glycerol 3-phosphate lithium salt,Glycerol 3-phosphate,glycerol phosphate,HMDB0000126,True,Organic compounds,Lipids and lipid-like molecules,Glycerophospholipids,Glycerophosphates,Glycerophosphates,Aliphatic acyclic compounds
326,all-trans-Retinoic acid,all-trans-Retinoic acid,retinoic acid,HMDB0001852,True,Organic compounds,Lipids and lipid-like molecules,Prenol lipids,Retinoids,Retinoids,Aliphatic homomonocyclic compounds
501,Arachidonic acid,Arachidonic acid,arachidonic acid,HMDB0001043,True,Organic compounds,Lipids and lipid-like molecules,Fatty Acyls,Fatty acids and conjugates,Long-chain fatty acids,Aliphatic acyclic compounds
502,1-pentadecanoyl-2-oleoyl-sn-glycero-3-phosphocholine,15:0-18:1 PC,PC,HMDB0007939,True,Organic compounds,Lipids and lipid-like molecules,Glycerophospholipids,Glycerophosphocholines,Phosphatidylcholines,Aliphatic acyclic compounds
503,"1,3-dipentadecanoyl-2-oleoyl-glycerol",15:0-18:1-15:0 TG,TG,HMDB0043250,True,Organic compounds,Lipids and lipid-like molecules,Glycerolipids,Triradylcglycerols,Triacylglycerols,Aliphatic acyclic compounds
504,1-oleoyl-rac-glycerol,18:1 MG,MG,HMDB0011567,True,Organic compounds,Lipids and lipid-like molecules,Glycerolipids,Monoradylglycerols,1-monoacylglycerols,Aliphatic acyclic compounds
505,ß-D-glucosyl cholesterol,ß-D-glucosyl cholesterol,cholesterol glucoside,HMDB0010330,False,Organic compounds,Lipids and lipid-like molecules,Steroids and steroid derivatives,Steroidal glycosides,Steroid glucuronide conjugates,Aliphatic heteropolycyclic compounds
506,"1',3'-bis[1,2-dioleoyl-sn-glycero-3-phospho]-glycerol (sodium salt)",18:1 Cardiolipin,cardiolipin,HMDB0010691,True,Organic compounds,Lipids and lipid-like molecules,Glycerophospholipids,Glycerophosphoglycerophosphoglycerols,Cardiolipins,Aliphatic acyclic compounds
508,1-stearoyl-2-docosahexaenoyl-sn-glycerol,18:0-22:6 DG,DG,HMDB0007179,True,Organic compounds,Lipids and lipid-like molecules,Glycerolipids,Diradylglycerols,"1,2-diacylglycerols",Aliphatic acyclic compounds
509,1-palmitoyl-2-oleoyl-sn-glycero-3-phospho-L-serine (sodium salt),16:0-18:1 PS (POPS),PS,HMDB0012357,True,Organic compounds,Lipids and lipid-like molecules,Glycerophospholipids,Glycerophosphoserines,Phosphatidylserines,Aliphatic acyclic compounds
510,1-palmitoyl-2-oleoyl-sn-glycero-3-phospho-(1'-rac-glycerol) (sodium salt),16:0-18:1 PG,PG,HMDB0010574,True,Organic compounds,Lipids and lipid-like molecules,Glycerophospholipids,Glycerophosphoglycerols,Phosphatidylglycerols,Aliphatic acyclic compounds
511,1-palmitoyl-2-oleoyl-sn-glycero-3-phosphate (sodium salt),16:0-18:1 PA,PA,HMDB0007859,True,Organic compounds,Lipids and lipid-like molecules,Glycerophospholipids,Glycerophosphates,"1,2-diacylglycerol-3-phosphates",Aliphatic acyclic compounds
512,1-(10Z-heptadecenoyl)-2-hydroxy-sn-glycero-3-phospho-(1'-myo-inositol) (ammonium salt),17:1 Lyso PI,LPI,HMDB0061693,False,Organic compounds,Lipids and lipid-like molecules,Glycerophospholipids,Glycerophosphoinositols,1-acyl-sn-glycerol-3-phosphoinositols,Aliphatic homomonocyclic compounds
513,1-palmitoyl-2-oleoyl-sn-glycero-3-phosphoinositol (ammonium salt),16:0-18:1 PI,PI,HMDB0009783,True,Organic compounds,Lipids and lipid-like molecules,Glycerophospholipids,Glycerophosphoinositols,Phosphatidylinositols,Aliphatic homomonocyclic compounds
514,"1,2-dioleoyl-sn-glycero-3-phospho-(1'-myo-inositol-5'-phosphate) (ammonium salt)",18:1 PI(5)P,PIP,HMDB0009974,True,Organic compounds,Lipids and lipid-like molecules,Glycerophospholipids,Glycerophosphoinositol phosphates,Glycerophosphoinositol phosphates,Aliphatic homomonocyclic compounds
515,1-stearoyl-2-arachidonoyl-sn-glycero-3-phosphoethanolamine,18:0-20:4 PE,PE,HMDB0009003,True,Organic compounds,Lipids and lipid-like molecules,Glycerophospholipids,Glycerophosphoethanolamines,Phosphatidylethanolamines,Aliphatic acyclic compounds
516,1-pentadecanoyl-2-hydroxy-sn-glycero-3-phosphocholine,15:0 Lyso PC,LPC,HMDB0010381,True,Organic compounds,Lipids and lipid-like molecules,Glycerophospholipids,Glycerophosphocholines,1-acyl-sn-glycero-3-phosphocholines,Aliphatic acyclic compounds
517,1-Stearoyl-2-Hydroxy-sn-Glycero-3-Phosphoethanolamine,18:0 Lyso PE,LPE,HMDB0011130,True,Organic compounds,Lipids and lipid-like molecules,Glycerophospholipids,Glycerophosphoethanolamines,1-acyl-sn-glycero-3-phosphoethanolamines,Aliphatic acyclic compounds
518,1-oleoyl-2-hydroxy-sn-glycero-3-phosphate (sodium salt),18:1 Lyso PA,LPA,HMDB0007855,True,Organic compounds,Lipids and lipid-like molecules,Glycerophospholipids,Glycerophosphates,1-acylglycerol-3-phosphates,Aliphatic acyclic compounds
519,1-palmitoyl-2-hydroxy-sn-glycero-3-phospho-(1'-rac-glycerol) (sodium salt),16:0 Lyso PG,LPG,HMDB0240601,True,Organic compounds,Lipids and lipid-like molecules,Glycerophospholipids,Glycerophosphoglycerols,Lysophosphatidylglycerols,Aliphatic acyclic compounds
520,1-(10Z-heptadecenoyl)-2-hydroxy-sn-glycero-3-[phospho-L-serine] (sodium salt),17:1 Lyso PS,LPS,HMDB0240603,False,Organic compounds,Lipids and lipid-like molecules,Glycerophospholipids,Glycerophosphoserines,1-acyl-glycerol-3-phosphoserines,Aliphatic acyclic compounds
521,"C18:0 GM3 Ganglioside (synthetic, ammonium salt)",C18:0 GM3 Ganglioside,ganglioside,HMDB0004845,True,Organic compounds,Lipids and lipid-like molecules,Sphingolipids,Glycosphingolipids,Gangliosides,Aliphatic heteromonocyclic compounds
522,N-behenoyl-D-erythro-sphingosine,C22 Ceramide (d18:1/22:0),Cer,HMDB0004952,True,Organic compounds,Lipids and lipid-like molecules,Sphingolipids,Ceramides,Ceramides,Aliphatic acyclic compounds
523,"D-glucosyl-ß-1,1'-N-stearoyl-D-erythro-sphingosine",C18 Glucosyl(ß) Ceramide (d18:1/18:0),GlcCer,HMDB0004972,True,Organic compounds,Lipids and lipid-like molecules,Sphingolipids,Glycosphingolipids,Glycosyl-N-acylsphingosines,Aliphatic heteromonocyclic compounds
524,N-palmitoyl-D-erythro-sphingosylphosphorylcholine,16:0 SM (d18:1/16:0),sphingomyelin,HMDB0010169,True,Organic compounds,Lipids and lipid-like molecules,Sphingolipids,Phosphosphingolipids,Phosphosphingolipids,Aliphatic acyclic compounds
525,"3-O-sulfo-D-galactosyl-ß1-1'-N-[2""(S)-hydroxystearoyl]-D-erythro-sphingosine (ammonium salt), (synthetic)",18:0(2S-OH) Sulfo GalCer,SGalCer,HMDB0012314,False,Organic compounds,Lipids and lipid-like molecules,Sphingolipids,Glycosphingolipids,Sulfatides,Aliphatic heteromonocyclic compounds
526,palmitoyl L-carnitine,CAR 16:0,palmitoylcarnitine,HMDB0000222,True,Organic compounds,Lipids and lipid-like molecules,Fatty Acyls,Fatty acid esters,Acyl carnitines,Aliphatic acyclic compounds
527,1-O-hexadecyl-2-oleoyl-sn-glycero-3-phosphocholine,C16-18:1 PC (O),PC-O,HMDB0013426,False,Organic compounds,Lipids and lipid-like molecules,Glycerophospholipids,Glycerophosphocholines,"1-alkyl,2-acylglycero-3-phosphocholines",Aliphatic acyclic compounds
528,Prostaglandin E1,Prostaglandin E1,PGE1,HMDB0001442,True,Organic compounds,Lipids and lipid-like molecules,Fatty Acyls,Eicosanoids,Prostaglandins and related compounds,Aliphatic homomonocyclic compounds
529,Cholesteryl ester 17:0,Cholesteryl ester 17:0,CE,HMDB0060059,True,Organic compounds,Lipids and lipid-like molecules,Steroids and steroid derivatives,Steroid esters,Cholesteryl esters,Aliphatic homopolycyclic compounds
901,4-nitrobenzyl pyridinium chloride,thermometer 1,thermometer 1,custom,,,,,,,
902,4-methoxybenzyl pyridinium chloride,thermometer 2,thermometer 2,custom,,,,,,,
903,4-methylbenzyl pyridinium chloride,thermometer 3,thermometer 3,custom,,,,,,,
904,4-cyanobenzyl pyridinium chloride,thermometer 4,thermometer 4,custom,,,,,,,
905,4-chlorobenzyl pyridinium chloride,thermometer 5,thermometer 5,custom,,,,,,,
